type,city,state
DistributionCenter,Bentonville,AR
SuperCenter,Rogers,AR
SuperCenter,Harrison,AR
SuperCenter,Siloam Springs,AR
Wal-MartStore,North Little Rock,AR
SuperCenter,Morrilton,AR
SuperCenter,Sikeston,MO
SuperCenter,Mountain Home,AR
SuperCenter,Tahlequah,OK
SuperCenter,Claremore,OK
SuperCenter,Carthage,MO
SuperCenter,Lebanon,MO
SuperCenter,Van Buren,AR
SuperCenter,West Plains,MO
SuperCenter,Neosho,MO
Wal-MartStore,Newport,AR
SuperCenter,St. Robert,MO
SuperCenter,Clinton,MO
SuperCenter,Pryor,OK
SuperCenter,Ruston,LA
Wal-MartStore,Leavenworth,KS
SuperCenter,Mexico,MO
SuperCenter,Salem,MO
SuperCenter,Jacksonville,AR
SuperCenter,Miami,OK
SuperCenter,Poteau,OK
Wal-MartStore,Branson,MO
SuperCenter,Nashville,AR
SuperCenter,Jefferson City,MO
SuperCenter,Farmington,MO
SuperCenter,Manhattan,KS
SuperCenter,Dexter,MO
SuperCenter,Nevada,MO
SuperCenter,Paragould,AR
SuperCenter,Moberly,MO
SuperCenter,Idabel,OK
Wal-MartStore,Eldon,MO
Wal-MartStore,Fort Scott,KS
SuperCenter,Conway,AR
SuperCenter,Bartlesville,OK
SuperCenter,Junction City,KS
SuperCenter,Joplin,MO
SuperCenter,Springdale,AR
SuperCenter,Sallisaw,OK
SuperCenter,Hot Springs,AR
SuperCenter,Jonesboro,AR
SuperCenter,Bolivar,MO
SuperCenter,Hugo,OK
Wal-MartStore,Booneville,AR
Wal-MartStore,Walnut Ridge,AR
SuperCenter,Monett,MO
SuperCenter,Warrensburg,MO
SuperCenter,Blytheville,AR
Wal-MartStore,Coffeyville,KS
Wal-MartStore,Brownsville,TN
SuperCenter,Fulton,MO
SuperCenter,Russellville,AR
Wal-MartStore,Columbia,MO
SuperCenter,Stilwell,OK
SuperCenter,Mena,AR
SuperCenter,Sullivan,MO
SuperCenter,Ava,MO
SuperCenter,Clarksville,AR
SuperCenter,Wynne,AR
SuperCenter,Vinita,OK
SuperCenter,Wagoner,OK
Wal-MartStore,Marshfield,MO
SuperCenter,Pocahontas,AR
Wal-MartStore,Osceola,AR
SuperCenter,Berryville,AR
SuperCenter,Festus,MO
SuperCenter,Springfield,MO
SuperCenter,Pittsburg,KS
SuperCenter,Mt. Grove,MO
SuperCenter,Camdenton,MO
SuperCenter,Perryville,MO
SuperCenter,Benton,AR
SuperCenter,Grove,OK
Wal-MartStore,Aurora,MO
Wal-MartStore,Brinkley,AR
SuperCenter,West Memphis,AR
SuperCenter,Minden,LA
SuperCenter,Millington,TN
Wal-MartStore,Milan,TN
SuperCenter,Magnolia,AR
SuperCenter,Corinth,MS
SuperCenter,Fulton,KY
SuperCenter,Forrest City,AR
SuperCenter,Stuttgart,AR
SuperCenter,Sapulpa,OK
Wal-MartStore,Covington,TN
SuperCenter,Desloge,MO
SuperCenter,Harrisonville,MO
SuperCenter,Bentonville,AR
Wal-MartStore,Martin,TN
SuperCenter,Ripley,TN
Wal-MartStore,Bastrop,LA
Wal-MartStore,Guthrie,OK
SuperCenter,Cameron,MO
SuperCenter,Troy,MO
SuperCenter,Little Rock,AR
SuperCenter,Starkville,MS
Wal-MartStore,Booneville,MS
SuperCenter,Fort Smith,AR
Wal-MartStore,Broken Bow,OK
SuperCenter,Seminole,OK
SuperCenter,Chickasha,OK
SuperCenter,Ardmore,OK
SuperCenter,Muskogee,OK
SuperCenter,Shawnee,OK
Wal-MartStore,Vivian,LA
SuperCenter,Okmulgee,OK
SuperCenter,Chanute,KS
SuperCenter,Jackson,MO
SuperCenter,Mt. Pleasant,TX
SuperCenter,Union,MO
SuperCenter,Rolla,MO
SuperCenter,Malvern,AR
Wal-MartStore,Kingfisher,OK
SuperCenter,Batesville,AR
Wal-MartStore,Humboldt,TN
Wal-MartStore,Little Rock,AR
SuperCenter,Gilmer,TX
SuperCenter,Amory,MS
SuperCenter,Chillicothe,MO
Wal-MartStore,Blackwell,OK
Wal-MartStore,Ashdown,AR
Wal-MartStore,Clarksville,TX
SuperCenter,Benton,KY
SuperCenter,Paris,TX
Wal-MartStore,Purcell,OK
SuperCenter,Denison,TX
Wal-MartStore,Elk City,OK
Wal-MartStore,West Point,MS
SuperCenter,Lufkin,TX
SuperCenter,Fayetteville,AR
SuperCenter,Stillwater,OK
Wal-MartStore,Louisiana,MO
SuperCenter,Woodward,OK
SuperCenter,New Albany,MS
SuperCenter,De Soto,MO
Wal-MartStore,Caruthersville,MO
SuperCenter,Searcy,AR
SuperCenter,Ashflat,AR
SuperCenter,Nacogdoches,TX
Wal-MartStore,Pontotoc,MS
SuperCenter,Jonesboro,LA
SuperCenter,McAlester,OK
SuperCenter,Columbia,MO
SuperCenter,Houston,MO
SuperCenter,Crossett,AR
SuperCenter,Bonham,TX
SuperCenter,Huntingdon,TN
SuperCenter,Henderson,TX
SuperCenter,Anadarko,OK
SuperCenter,Washington,MO
Wal-MartStore,Ripley,MS
SuperCenter,Cape Girardeau,MO
SuperCenter,Kirksville,MO
SuperCenter,Kennett,MO
Wal-MartStore,Excelsior Springs,MO
SuperCenter,Carbondale,IL
SuperCenter,Macomb,IL
SuperCenter,Salem,IL
Wal-MartStore,Lincoln,IL
Wal-MartStore,Jacksonville,IL
Wal-MartStore,Belleville,IL
SuperCenter,Senatobia,MS
Wal-MartStore,Lonoke,AR
SuperCenter,Natchitoches,LA
SuperCenter,Potosi,MO
SuperCenter,Louisville,MS
Wal-MartStore,Springfield,MO
Wal-MartStore,Camden,AR
SuperCenter,Collierville,TN
SuperCenter,Paris,TN
SuperCenter,Alva,OK
SuperCenter,El Dorado,KS
SuperCenter,Norman,OK
SuperCenter,Blue Springs,MO
SuperCenter,Owasso,OK
Wal-MartStore,Princeton,KY
DistributionCenter,Searcy,AR
SuperCenter,Jacksonville,TX
Wal-MartStore,Cleveland,OK
SuperCenter,Philadelphia,MS
SuperCenter,McKinney,TX
Wal-MartStore,Baxter Springs,KS
SuperCenter,Litchfield,IL
Wal-MartStore,Ozark,AR
SuperCenter,Mount Vernon,IL
Wal-MartStore,Holdenville,OK
SuperCenter,New Boston,TX
SuperCenter,Brookfield,MO
SuperCenter,Lewisville,TX
SuperCenter,Hillsboro,TX
SuperCenter,Cleburne,TX
SuperCenter,Ada,OK
Wal-MartStore,Atoka,OK
SuperCenter,Sedalia,MO
SuperCenter,Jasper,TX
SuperCenter,El Reno,OK
SuperCenter,Burleson,TX
SuperCenter,Atlanta,TX
Wal-MartStore,Sulphur,OK
SuperCenter,Yukon,OK
SuperCenter,Trumann,AR
Wal-MartStore,Harrisburg,IL
SuperCenter,Anna,IL
Wal-MartStore,Corning,AR
SuperCenter,Sparta,IL
Wal-MartStore,Paris,AR
SuperCenter,Liberty,MO
SuperCenter,Crockett,TX
SuperCenter,Pulaski,TN
SuperCenter,Cleveland,TX
Wal-MartStore,Henryetta,OK
Wal-MartStore,Marion,IL
SuperCenter,Warsaw,MO
SuperCenter,Selmer,TN
Wal-MartStore,Winona,MS
SuperCenter,Greenville,MS
SuperCenter,Commerce,TX
SuperCenter,Dickson,TN
SuperCenter,Fulton,MS
SuperCenter,Mineola,TX
SuperCenter,Waxahachie,TX
SuperCenter,Kosciusko,MS
SuperCenter,Winnfield,LA
SuperCenter,Benton,IL
SuperCenter,Bowie,TX
Wal-MartStore,Glen Carbon,IL
SuperCenter,Franklin,TN
Wal-MartStore,Iuka,MS
SuperCenter,Mexia,TX
SuperCenter,Rockwall,TX
SuperCenter,Paola,KS
SuperCenter,Skiatook,OK
SuperCenter,Terrell,TX
SuperCenter,Mansfield,TX
SuperCenter,Huntsville,TX
SuperCenter,Savannah,TN
SuperCenter,Livingston,TX
SuperCenter,Springfield,TN
SuperCenter,Lawton,OK
SuperCenter,Taylor,TX
SuperCenter,Morganfield,KY
SuperCenter,Rockdale,TX
SuperCenter,Heber Springs,AR
SuperCenter,Woodville,TX
Wal-MartStore,McGehee,AR
SuperCenter,Olney,IL
SuperCenter,Carthage,MS
SuperCenter,Fayetteville,TN
SuperCenter,Jasper,AL
SuperCenter,Ennis,TX
SuperCenter,Tupelo,MS
SuperCenter,De Queen,AR
Wal-MartStore,Bridge City,TX
SuperCenter,Arab,AL
SuperCenter,Moore,OK
SuperCenter,Du Quoin,IL
SuperCenter,Eureka,MO
SuperCenter,Arkadelphia,AR
SuperCenter,Anniston,AL
SuperCenter,Webb City,MO
Wal-MartStore,Navasota,TX
SuperCenter,Grapevine,TX
SuperCenter,Raymore,MO
Wal-MartStore,Gonzales,TX
SuperCenter,Central City,KY
Wal-MartStore,Sheridan,AR
Wal-MartStore,Jay,OK
Wal-MartStore,Lockhart,TX
SuperCenter,Boaz,AL
SuperCenter,Gadsden,AL
SuperCenter,Dardanelle,AR
SuperCenter,Holly Springs,MS
Wal-MartStore,Mansfield,LA
SuperCenter,Lamar,MO
SuperCenter,Franklin,KY
SuperCenter,Bowling Green,KY
Wal-MartStore,Murphysboro,IL
SuperCenter,Crowley,LA
Wal-MartStore,Franklin,LA
SuperCenter,Jacksonville,AL
SuperCenter,Oneonta,AL
Wal-MartStore,Marlin,TX
SuperCenter,Richmond,MO
Wal-MartStore,Wentzville,MO
Wal-MartStore,Higginsville,MO
SuperCenter,Abbeville,LA
SuperCenter,Brenham,TX
SuperCenter,Victoria,TX
Wal-MartStore,Carlinville,IL
SuperCenter,Jackson,TN
Wal-MartStore,Parsons,KS
SuperCenter,Ville Platte,LA
SuperCenter,Attalla,AL
SuperCenter,Fredericktown,MO
Wal-MartStore,Fordyce,AR
SuperCenter,Marysville,KS
Wal-MartStore,Hiawatha,KS
SuperCenter,Monticello,AR
Wal-MartStore,Dumas,AR
Wal-MartStore,Chester,IL
SuperCenter,Opelika,AL
Wal-MartStore,Winfield,KS
Wal-MartStore,Wellington,KS
Wal-MartStore,Augusta,KS
SuperCenter,Beaver Dam,KY
SuperCenter,Manchester,TN
SuperCenter,Sulphur,LA
Wal-MartStore,Stigler,OK
DistributionCenter,Palestine,TX
SuperCenter,Ottawa,KS
SuperCenter,Dodge City,KS
Wal-MartStore,Huntsville,AR
SuperCenter,Waverly,TN
SuperCenter,Center,TX
SuperCenter,Pearl,MS
Wal-MartStore,House Springs,MO
SuperCenter,Waterloo,IL
SuperCenter,Bossier City,LA
SuperCenter,Taylorville,IL
SuperCenter,Graham,TX
Wal-MartStore,Alma,AR
Wal-MartStore,Weatherford,OK
SuperCenter,Shreveport,LA
Wal-MartStore,Checotah,OK
Wal-MartStore,Owensville,MO
Wal-MartStore,Cushing,OK
SuperCenter,Sumter,SC
SuperCenter,Aiken,SC
Wal-MartStore,Lake City,SC
SuperCenter,Newberry,SC
SuperCenter,Georgetown,SC
Wal-MartStore,Dillon,SC
SuperCenter,Summerville,SC
Wal-MartStore,Union,SC
Wal-MartStore,Easley,SC
SuperCenter,Camden,SC
SuperCenter,Savannah (S),GA
SuperCenter,Gaffney,SC
SuperCenter,Brunswick,GA
SuperCenter,Greenville,SC
Wal-MartStore,Cheraw,SC
SuperCenter,Myrtle Beach,SC
SuperCenter,Anderson,SC
SuperCenter,Hopinsville,KY
SuperCenter,Shelbyville,TN
SuperCenter,Cookeville,TN
SuperCenter,Rome,GA
SuperCenter,Nashville,TN
SuperCenter,Muscle Shoals,AL
SuperCenter,Athens,AL
SuperCenter,Decatur,AL
SuperCenter,Athens,TN
SuperCenter,Campbellsville,KY
SuperCenter,Tullahoma,TN
SuperCenter,McMinnville,TN
SuperCenter,Dalton,GA
SuperCenter,Cullman,AL
SuperCenter,Lebanon,TN
SuperCenter,Alcoa,TN
SuperCenter,Union City,TN
SuperCenter,Rockwood,TN
SuperCenter,Dyersburg,TN
SuperCenter,Newport,TN
SuperCenter,Greeneville,TN
SuperCenter,Guntersville,AL
SuperCenter,Murfreesboro,TN
SuperCenter,Lawrenceburg,TN
SuperCenter,Lexington,TN
SuperCenter,Morristown,TN
SuperCenter,Crossville,TN
Wal-MartStore,Nashville,TN
SuperCenter,Somerset,KY
SuperCenter,Elizabethton,TN
SuperCenter,Fort Payne,AL
SuperCenter,Danville,KY
Wal-MartStore,Henderson,KY
SuperCenter,Cleveland,TN
SuperCenter,Oxford,MS
SuperCenter,Selma,AL
SuperCenter,Owensboro,KY
SuperCenter,Winchester,KY
SuperCenter,Clarksdale,MS
SuperCenter,Elizabethtown,KY
SuperCenter,Hermitage,TN
SuperCenter,Glasgow,KY
SuperCenter,Scottsboro,AL
SuperCenter,West Helena5119,AR
SuperCenter,Tuscaloosa,AL
Wal-MartStore,Greenwood,MS
SuperCenter,Richmond,KY
SuperCenter,Frankfort,KY
SuperCenter,Carrollton,GA
SuperCenter,Troy,AL
SuperCenter,Alexander City,AL
Wal-MartStore,Cedartown,GA
SuperCenter,Bardstown,KY
SuperCenter,Sylacauga,AL
SuperCenter,Demopolis,AL
SuperCenter,Valley,AL
SuperCenter,Enterprise,AL
SuperCenter,Winchester,TN
SuperCenter,Russellville,KY
SuperCenter,Lewisburg,TN
Wal-MartStore,Camden,TN
SuperCenter,Middlesboro,KY
SuperCenter,Ozark,AL
SuperCenter,Lenoir City,TN
Wal-MartStore,Collinsville,IL
SuperCenter,Silsbee,TX
Wal-MartStore,Versailles,MO
Wal-MartStore,Coweta,OK
Wal-MartStore,Cuero,TX
Wal-MartStore,Homer,LA
SuperCenter,Copperas Cove,TX
Wal-MartStore,Huntsville,AL
SuperCenter,Huntsville,AL
SuperCenter,Gallatin,TN
Wal-MartStore,Winfield,AL
SuperCenter,Paducah,KY
SuperCenter,Talladega,AL
SuperCenter,Porter,TX
SuperCenter,Auburn,AL
SuperCenter,Mayfield,KY
SuperCenter,Columbia,TN
SuperCenter,Vandalia,IL
SuperCenter,Granbury,TX
Wal-MartStore,Holton,KS
Wal-MartStore,Plaquemine,LA
SuperCenter,Murray,KY
Wal-MartStore,Haleyville,AL
SuperCenter,El Campo,TX
SuperCenter,Ozark,MO
Wal-MartStore,Bristow,OK
SuperCenter,Mission,TX
SuperCenter,Russellville,AL
SuperCenter,Smyrna,TN
SuperCenter,Edinburg,TX
Wal-MartStore,Edmond,OK
SuperCenter,McAllen (S),TX
SuperCenter,Marshall,MO
Wal-MartStore,Livingston,AL
SuperCenter,Lumberton,TX
SuperCenter,Moulton,AL
SuperCenter,Longview,TX
Wal-MartStore,Breaux Bridge,LA
SuperCenter,Killeen,TX
SuperCenter,Pelham,AL
SuperCenter,Indianola,MS
Wal-MartStore,Waldron,AR
Wal-MartStore,Florence,SC
SuperCenter,San Marcos,TX
Wal-MartStore,St. Martinville,LA
SuperCenter,Fairfield,IL
Wal-MartStore,Malden,MO
SuperCenter,Kingsville,TX
Wal-MartStore,McAllen (N),TX
SuperCenter,Port Isabel,TX
SuperCenter,Wichita Falls,TX
SuperCenter,Bryan,TX
Wal-MartStore,Burkburnett,TX
SuperCenter,Decatur,TX
SuperCenter,Nederland,TX
Wal-MartStore,Mount Pleasant,SC
SuperCenter,Palestine,TX
Wal-MartStore,Houston,MS
Wal-MartStore,Fairbury,NE
Wal-MartStore,Robinson,IL
SuperCenter,Clanton,AL
Wal-MartStore,Brent,AL
SuperCenter,Leesville,LA
SuperCenter,Pratt,KS
SuperCenter,Eagle Pass,TX
Wal-MartStore,Ft. Smith,AR
SuperCenter,Rockport,TX
Wal-MartStore,Beeville,TX
Wal-MartStore,Chandler,OK
SuperCenter,Highland,IL
Wal-MartStore,Carlyle,IL
Wal-MartStore,Sealy,TX
SuperCenter,Altus,OK
SuperCenter,Greenville,TX
Wal-MartStore,Hondo,TX
SuperCenter,Leitchfield,KY
SuperCenter,Brownsville,TX
SuperCenter,Alvin,TX
SuperCenter,Corpus Christi,TX
SuperCenter,Lancaster,TX
SuperCenter,Prattville,AL
SuperCenter,Newnan,GA
SuperCenter,Aransas Pass,TX
SuperCenter,Lake Charles,LA
Wal-MartStore,Edna,TX
SuperCenter,Mattoon,IL
SuperCenter,West Monroe,LA
SuperCenter,Del Rio,TX
Wal-MartStore,Floresville,TX
SuperCenter,Bolivar,TN
SuperCenter,Denton,TX
SuperCenter,Texarkana,AR
SuperCenter,Soddy-Daisy,TN
SuperCenter,Quincy,FL
SuperCenter,The Colony,TX
SuperCenter,Round Rock,TX
Wal-MartStore,Pittsfield,IL
DistributionCenter,Cullman,AL
SuperCenter,Madisonville,TN
Wal-MartStore,Lawrence,KS
Wal-MartStore,Vidor,TX
Wal-MartStore,Clinton,IL
SuperCenter,Shelbyville,KY
Wal-MartStore,Corpus Christi,TX
Wal-MartStore,Giddings,TX
Wal-MartStore,Paris,KY
Wal-MartStore,Flora,IL
SuperCenter,Kerrville,TX
SuperCenter,Sulpher Springs,TX
SuperCenter,Groves,TX
SuperCenter,Angleton,TX
SuperCenter,Abilene,TX
SuperCenter,Brandenton,FL
SuperCenter,New Iberia,LA
SuperCenter,Lafayette,LA
Wal-MartStore,Gainesville,FL
SuperCenter,Bayou Vista,LA
SuperCenter,Houma,LA
SuperCenter,Slidell,LA
SuperCenter,Alexandria,LA
SuperCenter,Athens,TX
SuperCenter,Louisville (NE),KY
SuperCenter,Odessa,TX
SuperCenter,Opelousas,LA
Wal-MartStore,Laredo,TX
SuperCenter,Emporia,KS
SuperCenter,Salina,KS
SuperCenter,Jennings,LA
SuperCenter,Gatesville,TX
SuperCenter,Enid,OK
SuperCenter,Galliano,LA
SuperCenter,Texas City,TX
SuperCenter,El Dorado,AR
SuperCenter,Gonzales,LA
Wal-MartStore,Midwest City,OK
Wal-MartStore,Dublin,GA
SuperCenter,Waycross,GA
SuperCenter,Muscatine,IA
SuperCenter,St. Joseph,MO
SuperCenter,Donaldsonville,LA
SuperCenter,Hammond,LA
SuperCenter,Columbus,MS
Wal-MartStore,Jena,LA
Wal-MartStore,Columbus,TX
SuperCenter,Galveston,TX
Wal-MartStore,Lawrenceburg,KY
SuperCenter,Mustang,OK
SuperCenter,Gainsville,GA
SuperCenter,Big Spring,TX
SuperCenter,Murphy,NC
Wal-MartStore,Kenedy,TX
Wal-MartStore,Fenton,MO
SuperCenter,Zachary,LA
SuperCenter,Bonner Springs,KS
SuperCenter,Gun Barrel City,TX
SuperCenter,Covington,LA
SuperCenter,Richmond,TX
SuperCenter,Plant City,FL
SuperCenter,Eastland,TX
SuperCenter,Tulsa,OK
SuperCenter,Marshalltown,IA
SuperCenter,Hobbs,NM
SuperCenter,Conroe,TX
SuperCenter,Vicennes,IN
SuperCenter,Lawrenceville,GA
SuperCenter,Orange City,FL
SuperCenter,Corsicana,TX
SuperCenter,Sevierville,TN
SuperCenter,Deridder,LA
SuperCenter,Canton,GA
Wal-MartStore,Harrodsburg,KY
SuperCenter,Leeds,AL
SuperCenter,Oklahoma City,OK
Wal-MartStore,Manchester,KY
SuperCenter,Dothan,AL
SuperCenter,Savannah,GA
Wal-MartStore,Savannah,GA
Wal-MartStore,Covington,GA
Wal-MartStore,Pana,IL
Wal-MartStore,Carthage,TX
SuperCenter,St. Augustine,FL
SuperCenter,Bartow,FL
SuperCenter,Port Orange,FL
Wal-MartStore,Breckenridge,TX
SuperCenter,Winder,GA
Wal-MartStore,Lawrenceville,IL
SuperCenter,Rock Hill,SC
SuperCenter,Louisville,KY
SuperCenter,Charleston,IL
Wal-MartStore,Pearsall,TX
SuperCenter,Boonville,IN
SuperCenter,Albany,GA
SuperCenter,Moss Bluff,LA
SuperCenter,Crosby,TX
SuperCenter,Pasadena,TX
Wal-MartStore,Madisonville,TX
Wal-MartStore,Caldwell,TX
SuperCenter,Georgetown,KY
SuperCenter,Lee's Summit,MO
Wal-MartStore,The Woodlands,TX
SuperCenter,Stephenville,TX
SuperCenter,Roswell,NM
SuperCenter,Ormond Beach,FL
SuperCenter,Statesboro,GA
SuperCenter,Fayetteville,GA
SuperCenter,Summerville,GA
Wal-MartStore,Carthage,TN
SuperCenter,Amarillo,TX
SuperCenter,Woodstock,GA
SuperCenter,Oneida,TN
SuperCenter,Sparta,TN
SuperCenter,La Grange,GA
SuperCenter,Temple,TX
SuperCenter,Kilgore,TX
SuperCenter,Cedar Falls,IA
SuperCenter,Surfside Beach,SC
Wal-MartStore,Hobart,OK
SuperCenter,Midland,TX
SuperCenter,Beaumont,TX
Wal-MartStore,West Columbia,TX
SuperCenter,Pampa,TX
SuperCenter,El Paso,TX
SuperCenter,Olathe,KS
SuperCenter,Derby,KS
SuperCenter,Hiram,GA
SuperCenter,Norfolk,NE
SuperCenter,N. Ft. Meyers,FL
SuperCenter,Titusville,FL
SuperCenter,Ft. Worth,TX
SuperCenter,Kingsport,TN
SuperCenter,San Angelo,TX
SuperCenter,Orangeberg,SC
SuperCenter,Zephyrhills,FL
Wal-MartStore,Cynthiana,KY
SuperCenter,Houston,TX
SuperCenter,Hannibal,MO
Wal-MartStore,Big Stone Gap,VA
SuperCenter,Mount Dora,FL
SuperCenter,Harlingen,TX
Wal-MartStore,Seminole,TX
SuperCenter,Stockbridge,GA
SuperCenter,Independence,IA
SuperCenter,Pleasanton,TX
Wal-MartStore,Whitesburg,KY
SuperCenter,Dry Ridge,KY
SuperCenter,Douglas,GA
Wal-MartStore,Herrin,IL
SuperCenter,Kearney,NE
SuperCenter,Dayton,TN
Wal-MartStore,Anamosa,IA
SuperCenter,Garden City,KS
SuperCenter,Ocala,FL
SuperCenter,Tomball,TX
SuperCenter,Haines City,FL
SuperCenter,Atascocita,TX
Wal-MartStore,Pella,IA
SuperCenter,Wauchula,FL
SuperCenter,Palatka,FL
SuperCenter,Kewanee,IL
Wal-MartStore,Dade City,FL
SuperCenter,Katy,TX
SuperCenter,York,NE
SuperCenter,Hays,KS
SuperCenter,Pineville,LA
SuperCenter,Cartersville,GA
SuperCenter,Bristol,TN
SuperCenter,Auburndale,FL
SuperCenter,Jefferson City,TN
SuperCenter,Americus,GA
SuperCenter,Birmingham,AL
Wal-MartStore,Fairfield,AL
SuperCenter,Bessemer,AL
SuperCenter,Florence,AL
Wal-MartStore,Columbia,KY
Wal-MartStore,St. Peters,MO
SuperCenter,Sebring,FL
SuperCenter,San Antonio,TX
DistributionCenter,Mount Pleasant,IA
SuperCenter,Baytown,TX
SuperCenter,Port Charlotte,FL
Wal-MartStore,Hilton Hd Island,SC
SuperCenter,Lake City,FL
SuperCenter,Lexington,NE
Wal-MartStore,Grinnell,IA
SuperCenter,Fitzgerald,GA
Wal-MartStore,Cahokia,IL
SuperCenter,Newton,IA
Wal-MartStore,Hardinsburg,KY
SuperCenter,Princeton,IL
Wal-MartStore,Mathews,LA
SuperCenter,Great Bend,KS
SuperCenter,Columbus,NE
Wal-MartStore,Lakeland,FL
SuperCenter,Mt. Pleasant,IA
SuperCenter,Laurel,MS
SuperCenter,Vicksburg,MS
SuperCenter,Barnwell,SC
SuperCenter,Merritt Island,FL
Wal-MartStore,Punta Gorda,FL
SuperCenter,Monroe,GA
SuperCenter,Venice,FL
SuperCenter,Fremont,NE
SuperCenter,Waynesboro,MS
SuperCenter,Mason City,IA
Wal-MartStore,Ames,IA
SuperCenter,West Orange,TX
Wal-MartStore,Macon,MO
Wal-MartStore,Aledo,IL
SuperCenter,Liberal,KS
Wal-MartStore,Albuquerque,NM
SuperCenter,Farmington,NM
Wal-MartStore,Santa Fe,NM
SuperCenter,Albuquerque,NM
Wal-MartStore,Jackson,KY
SuperCenter,Marble Falls,TX
SuperCenter,McCook,NE
SuperCenter,Alice,TX
SuperCenter,Hutchinson,KS
Wal-MartStore,Monroe,WI
SuperCenter,Arcadia,FL
SuperCenter,Dumas,TX
SuperCenter,Okeechobee,FL
SuperCenter,Riverdale,GA
SuperCenter,Cape Coral,FL
SuperCenter,St. Marys,GA
SuperCenter,Uvalde,TX
SuperCenter,Mobile,AL
Wal-MartStore,Eunice,LA
Wal-MartStore,Marshall,IL
Wal-MartStore,Bogalusa,LA
SuperCenter,Mineral Wells,TX
SuperCenter,Las Cruces,NM
SuperCenter,Oxford,AL
SuperCenter,Osage Beach,MO
Wal-MartStore,Boonville,MO
SuperCenter,Canton,TX
Wal-MartStore,Prestonsburg,KY
SuperCenter,Clinton,AR
SuperCenter,Burlington,IA
SuperCenter,Leesburg,FL
Wal-MartStore,Camilla,GA
Wal-MartStore,Dodgeville,WI
Wal-MartStore,Galesburg,IL
SuperCenter,Canyon,TX
Wal-MartStore,Thayer,MO
Wal-MartStore,Tipton,IA
SuperCenter,Pueblo,CO
Wal-MartStore,Buffalo,MO
SuperCenter,Bremen,GA
SuperCenter,Sanford,FL
Wal-MartStore,Mountain View,MO
SuperCenter,Pekin,IL
SuperCenter,Maryville,MO
SuperCenter,Brownwood,TX
SuperCenter,Brookhaven,MS
SuperCenter,Kissimmee,FL
SuperCenter,Carmi,IL
SuperCenter,Rockledge,FL
Wal-MartStore,Lagrange,TX
SuperCenter,Roanoke,AL
SuperCenter,Clovis,NM
SuperCenter,Indianapolis,IN
SuperCenter,Jasper,IN
SuperCenter,Mesquite,TX
SuperCenter,North Richland Hills,TX
SuperCenter,Vidalia,GA
SuperCenter,Cummings,GA
Wal-MartStore,Sullivan,IN
SuperCenter,Lake Jackson,TX
SuperCenter,Ponca City,OK
SuperCenter,Bethany,MO
SuperCenter,Baton Rouge,LA
SuperCenter,Southaven,MS
SuperCenter,Cairo,GA
SuperCenter,Lake Wales,FL
SuperCenter,Lubbock,TX
SuperCenter,Natchez,MS
SuperCenter,Lexington,SC
SuperCenter,De Kalb,IL
SuperCenter,Panama City Beach,FL
Wal-MartStore,Ottawa,IL
SuperCenter,Deland,FL
SuperCenter,Hinesville,GA
SuperCenter,Lafayette,TN
DistributionCenter,Douglas,GA
Wal-MartStore,Rock Falls,IL
SuperCenter,Sand Springs,OK
SuperCenter,Frankfort,IN
SuperCenter,Union City,GA
SuperCenter,New Braunfalls,TX
SuperCenter,Alamosa,CO
SuperCenter,Foley,AL
SuperCenter,Spring,TX
SuperCenter,Prairie du Chien,WI
SuperCenter,Raymondville,TX
DistributionCenter,Brookhaven,MS
SuperCenter,Ruidoso,NM
Wal-MartStore,Taos,NM
SuperCenter,Monroe,NC
SuperCenter,Greencastle,IN
SuperCenter,Lake Geneva,WI
SuperCenter,Scottsbluff,NE
SuperCenter,Carlsbad,NM
Wal-MartStore,Ft. Stockton,TX
SuperCenter,Salida,CO
SuperCenter,Ft. Dodge,IA
SuperCenter,Thomasville,GA
SuperCenter,Ankeny,IA
SuperCenter,Sterling,CO
Wal-MartStore,Seffner,FL
SuperCenter,Shelbyville,IN
SuperCenter,Sequin,TX
SuperCenter,Decorah,IA
Wal-MartStore,Peru,IL
SuperCenter,Pearland,TX
SuperCenter,Seward,NE
SuperCenter,Marshall,TX
SuperCenter,Broken Arrow,OK
SuperCenter,Ridgeland,MS
Wal-MartStore,Many,LA
SuperCenter,Jackson,MS
Wal-MartStore,Forsyth,GA
SuperCenter,Noblesville,IN
SuperCenter,Orlando,FL
Wal-MartStore,Pecos,TX
Wal-MartStore,Lindsay,OK
SuperCenter,Valdosta,GA
Wal-MartStore,Childress,TX
Wal-MartStore,Longmont,CO
SuperCenter,Chalmette,LA
SuperCenter,Harvey,LA
Wal-MartStore,New Orleans,LA
Wal-MartStore,Butler,MO
SuperCenter,Ft. Walton Beach,FL
SuperCenter,Corydon,IN
SuperCenter,Crestview,FL
Wal-MartStore,Cuba,MO
SuperCenter,Montgomery,AL
Wal-MartStore,Cassville,MO
Wal-MartStore,Brady,TX
SuperCenter,Gallup,NM
SuperCenter,Griffin,GA
SuperCenter,Daphne,AL
Wal-MartStore,White Settlement,TX
SuperCenter,Ocoee,FL
Wal-MartStore,Tulsa,OK
SuperCenter,Stafford,TX
SuperCenter,Plainview,TX
Wal-MartStore,Winter Haven,FL
SuperCenter,Hattiesburg,MS
SuperCenter,Loveland,CO
SuperCenter,Stanford,KY
SuperCenter,Port St. Lucie,FL
SuperCenter,Sherman,TX
Wal-MartStore,Melbourne,FL
SuperCenter,Morris,IL
SuperCenter,Grand Prairie,TX
SuperCenter,Vero Beach,FL
SuperCenter,Kennesaw,GA
SuperCenter,Waco,TX
SuperCenter,Duncanville,TX
SuperCenter,Memphis,TN
Wal-MartStore,Hempstead,TX
SuperCenter,Apopka,FL
SuperCenter,Moultrie,GA
SuperCenter,Bushnell,FL
SuperCenter,Dunnellon,FL
SuperCenter,Cortez,CO
Wal-MartStore,Falfurrias,TX
Wal-MartStore,Geneseo,IL
SuperCenter,Trinidad,CO
SuperCenter,Tomah,WI
SuperCenter,Springhill,FL
SuperCenter,Milton,FL
Wal-MartStore,Rochelle,IL
SuperCenter,Denham Springs,LA
Wal-MartStore,Brandon,FL
SuperCenter,Casselberry,FL
Wal-MartStore,Hazlehurst,MS
SuperCenter,Viroqua,WI
SuperCenter,Cordele,GA
SuperCenter,Irving,TX
Wal-MartStore,Platteville,WI
SuperCenter,Melbourne,FL
SuperCenter,Durant,OK
Wal-MartStore,Fernandina Beach,FL
Wal-MartStore,Fairfield,IA
Wal-MartStore,Metairie,LA
SuperCenter,Rincon,GA
SuperCenter,Effingham,IL
SuperCenter,Gulfport,MS
SuperCenter,Picayune,MS
SuperCenter,Winnsboro,LA
SuperCenter,Sparta,WI
SuperCenter,Greeley,CO
SuperCenter,Meridian,MS
SuperCenter,Owatonna,MN
SuperCenter,Castle Rock,CO
SuperCenter,McPherson,KS
SuperCenter,Rockingham,NC
Wal-MartStore,Independence,MO
SuperCenter,Jerseyville,IL
SuperCenter,Weatherford,TX
Wal-MartStore,Arkansas City,KS
Wal-MartStore,Land 'O' Lakes,FL
Wal-MartStore,Lamesa,TX
SuperCenter,Levelland,TX
SuperCenter,Petal,MS
SuperCenter,Sterling,IL
Wal-MartStore,Piedmont,MO
SuperCenter,La Place,LA
SuperCenter,Lake Worth,TX
Wal-MartStore,Blue Earth,MN
Wal-MartStore,Frisco,CO
SuperCenter,Tulsa (SW),OK
SuperCenter,New Port Richey,FL
SuperCenter,Franklin,IN
Wal-MartStore,Spencer,IN
Wal-MartStore,Brownsville,TX
SuperCenter,Plano,IL
SuperCenter,Richland Center,WI
SuperCenter,Fayette,AL
SuperCenter,La Grange,KY
SuperCenter,Atchison,KS
SuperCenter,Newcastle,OK
Wal-MartStore,Tallassee,AL
DistributionCenter,Plainview,TX
SuperCenter,Linton,IN
Wal-MartStore,Waverly,IA
Wal-MartStore,Fort Collins,CO
Wal-MartStore,Clinton,IN
Wal-MartStore,Manning,SC
SuperCenter,Lancaster,SC
SuperCenter,Forest City,NC
Wal-MartStore,Waseca,MN
SuperCenter,Ft. Myers,FL
SuperCenter,Republic,MO
SuperCenter,Galax,VA
Wal-MartStore,Bedford,IN
SuperCenter,Madisonville,KY
SuperCenter,Thibodaux,LA
SuperCenter,Swainsboro,GA
SuperCenter,McComb,MS
Wal-MartStore,Panama City,FL
SuperCenter,East Ellijay,GA
SuperCenter,Lampasas,TX
SuperCenter,Macon,GA
SuperCenter,Hickory,NC
SuperCenter,Beaver Dam,WI
SuperCenter,Canon City,CO
SuperCenter,Warrenton,MO
SuperCenter,East Peoria,IL
SuperCenter,Weslaco,TX
SuperCenter,Bastrop,TX
Wal-MartStore,Carrizo Springs,TX
SuperCenter,Clarksville,TN
SuperCenter,Eastman,GA
SuperCenter,Albert Lea,MN
SuperCenter,Mount Airy,NC
SuperCenter,Tyler,TX
SuperCenter,Seymour,IN
Wal-MartStore,Tyler,TX
SuperCenter,Concord,NC
Wal-MartStore,Homosassa Springs,FL
SuperCenter,Shelby,NC
Wal-MartStore,Hallettsville,TX
Wal-MartStore,Ballinger,TX
Wal-MartStore,Ferriday,LA
Wal-MartStore,Oakdale,LA
Wal-MartStore,Oak Grove,LA
Wal-MartStore,Rayville,LA
Wal-MartStore,Lafayette,CO
SuperCenter,Williamsburg,KY
SuperCenter,Montrose,CO
Wal-MartStore,Memphis,TN
SuperCenter,Spartanburg,SC
Wal-MartStore,Lenoir,NC
SuperCenter,Newton,MS
SuperCenter,Kimball,TN
SuperCenter,Wichita,KS
SuperCenter,Milledgeville,GA
SuperCenter,Fort Pierce,FL
SuperCenter,Hope,AR
SuperCenter,Tifton,GA
SuperCenter,Tallahassee,FL
SuperCenter,Aberdeen,NC
SuperCenter,Thomaston,GA
Wal-MartStore,Pauls Valley,OK
SuperCenter,Morrow,GA
SuperCenter,Garland,TX
SuperCenter,Hazlehurst,GA
Wal-MartStore,Geneva,AL
SuperCenter,Port Richey,FL
Wal-MartStore,Farmerville,LA
Wal-MartStore,Forest,MS
SuperCenter,Webster,TX
SuperCenter,Pascagoula,MS
Wal-MartStore,Wood River,IL
Wal-MartStore,New Smyrna Beach,FL
Wal-MartStore,Jacksonville,FL
Wal-MartStore,Andalusia,AL
Wal-MartStore,Raytown,MO
Wal-MartStore,Glenwood Springs,CO
SuperCenter,Toccoa,GA
SuperCenter,Hartselle,AL
Wal-MartStore,Morganton,NC
SuperCenter,Sebastian,FL
SuperCenter,Johnson City,TN
SuperCenter,Saint Cloud,FL
SuperCenter,Mocksville,NC
SuperCenter,Wetumpka,AL
SuperCenter,Houston(W),TX
SuperCenter,Inverness,FL
Wal-MartStore,Brownfield,TX
SuperCenter,London,KY
Wal-MartStore,Hohenwald,TN
Wal-MartStore,Naples,FL
Wal-MartStore,Gladstone,MO
SuperCenter,Seneca,SC
SuperCenter,Grenada,MS
SuperCenter,Stuart,FL
SuperCenter,Port Lavaca,TX
SuperCenter,Hartwell,GA
SuperCenter,Duncan,OK
Wal-MartStore,Balch Springs,TX
SuperCenter,Normal,IL
SuperCenter,Boerne,TX
Wal-MartStore,Kansas City,KS
Wal-MartStore,Orlando,FL
Wal-MartStore,Biloxi,MS
Wal-MartStore,Hamilton,AL
SuperCenter,Baker,LA
SuperCenter,Sherwood,AR
SuperCenter,Plano,TX
SuperCenter,Topeka,KS
DistributionCenter,Laurens,SC
SuperCenter,Mountain View,AR
Wal-MartStore,Laurens,SC
SuperCenter,Taylorsville,NC
Wal-MartStore,Madison,WI
Wal-MartStore,Morehead,KY
SuperCenter,Mt. Sterling,KY
SuperCenter,Flippin,AR
SuperCenter,Jacksonville,FL
SuperCenter,Marksville,LA
SuperCenter,Albemarle,NC
SuperCenter,Hartsville,SC
SuperCenter,Scottsburg,IN
SuperCenter,Adamsville,AL
SuperCenter,Gretna,LA
SuperCenter,Columbia,MS
SuperCenter,Bedford,TX
SuperCenter,Greensburg,IN
SuperCenter,Palm Coast,FL
SuperCenter,West Columbia,SC
Wal-MartStore,Rantoul,IL
Wal-MartStore,Sioux Center,IA
SuperCenter,Avon,CO
SuperCenter,Commerce,GA
SuperCenter,De Funiak,FL
Wal-MartStore,Houston,TX
SuperCenter,Sandersville,GA
SuperCenter,Fredericksburg,TX
SuperCenter,Thomasville,AL
Wal-MartStore,Stoughton,WI
SuperCenter,York,SC
Wal-MartStore,Thatcher,AZ
Wal-MartStore,College Station,TX
Wal-MartStore,North Vernon,IN
Wal-MartStore,Washington,IN
SuperCenter,Columbia (NW),SC
Wal-MartStore,Springhill,LA
Wal-MartStore,Louisville,KY
Wal-MartStore,Asheville,NC
SuperCenter,Stone Mountain,GA
SuperCenter,Berea,KY
SuperCenter,Callaway,FL
Wal-MartStore,Wheat Ridge,CO
SuperCenter,Conway,SC
Wal-MartStore,Port Allen,LA
Wal-MartStore,New Tazewell,TN
Wal-MartStore,Elizabethtown,NC
Wal-MartStore,Marietta,GA
SuperCenter,Austin,TX
Wal-MartStore,Ruskin,FL
SuperCenter,Pensacola,FL
SuperCenter,Asheboro,NC
SuperCenter,Greenfield,IN
SuperCenter,Moncks Corner,SC
SuperCenter,Lumberton,NC
SuperCenter,Aurora,IN
Wal-MartStore,St. Charles,MO
Wal-MartStore,Sarasota,FL
Wal-MartStore,Liberty,TX
Wal-MartStore,Orange Park,FL
SuperCenter,Arlington,TX
SuperCenter,Mooresville,NC
Wal-MartStore,Kenosha,WI
Wal-MartStore,Jacksonville Beach,FL
Wal-MartStore,St. Ann,MO
SuperCenter,Magee,MS
SuperCenter,Oak Ridge,TN
SuperCenter,Gardendale,AL
SuperCenter,Wisconsin Rapids,WI
Wal-MartStore,Harvard,IL
SuperCenter,Goldsboro,NC
SuperCenter,Dunn,NC
SuperCenter,Radcliff,KY
Wal-MartStore,Barbourville,KY
SuperCenter,Rocky Mount,NC
SuperCenter,Saraland,AL
SuperCenter,Paintsville,KY
Wal-MartStore,St. Louis,MO
SuperCenter,Colorado Springs,CO
SuperCenter,Nicholasville,KY
SuperCenter,Brooksville,FL
SuperCenter,Carrollton,TX
SuperCenter,Belton,TX
Wal-MartStore,San Antonio,TX
Wal-MartStore,Sierra Vista,AZ
SuperCenter,Casa Grande,AZ
SuperCenter,Monticello,KY
Wal-MartStore,Flagstaff,AZ
SuperCenter,Waveland,MS
Wal-MartStore,MacClenny,FL
SuperCenter,Calhoun,GA
Wal-MartStore,Franklin,NC
SuperCenter,Show Low,AZ
SuperCenter,Hendersonville,NC
SuperCenter,North Augusta,SC
Wal-MartStore,Perry,OK
SuperCenter,Concordia,KS
Wal-MartStore,Augusta,GA
Wal-MartStore,Wadesboro,NC
SuperCenter,Austin (NW),TX
SuperCenter,Monroe,LA
SuperCenter,Ashland City,TN
SuperCenter,Thornton,CO
Wal-MartStore,Rushville,IN
SuperCenter,Evansville,IN
SuperCenter,Bellefontaine,OH
Wal-MartStore,Round Lake Beach,IL
SuperCenter,Fayetteville,NC
SuperCenter,Austin (S),TX
SuperCenter,Bellmead,TX
Wal-MartStore,Fayetteville,NC
Wal-MartStore,New Roads,LA
Wal-MartStore,Lincolnton,NC
Wal-MartStore,Colby,KS
Wal-MartStore,Urbana,OH
SuperCenter,Martinsville,VA
SuperCenter,Lakeland,FL
Wal-MartStore,San Angelo,TX
Wal-MartStore,Highlands Ranch,CO
Wal-MartStore,Stamford,TX
SuperCenter,Corbin,KY
SuperCenter,Lucedale,MS
Wal-MartStore,Sun Prairie,WI
SuperCenter,Whiteville,NC
Wal-MartStore,Meridian,MS
Wal-MartStore,Black River Falls,WI
SuperCenter,Starke,FL
SuperCenter,Columbia,SC
SuperCenter,Wilmington,OH
Wal-MartStore,Madill,OK
SuperCenter,San Benito,TX
SuperCenter,Cottonwood,AZ
SuperCenter,New Bern,NC
SuperCenter,Alamogordo,NM
DistributionCenter,New Braunfels,TX
Wal-MartStore,Iola,KS
SuperCenter,Hoover,AL
SuperCenter,Hazard,KY
Wal-MartStore,Joliet,IL
Wal-MartStore,Snyder,TX
SuperCenter,Fountain,CO
Wal-MartStore,Whitewater,WI
Wal-MartStore,Lebanon,IN
SuperCenter,Phenix City,AL
SuperCenter,Ottumwa,IA
SuperCenter,Burlington,NC
SuperCenter,Roxboro,NC
SuperCenter,Christiansburg,VA
SuperCenter,Augusta,GA
SuperCenter,Marion,IN
SuperCenter,Madison,IN
Wal-MartStore,Lima,OH
SuperCenter,Sidney,OH
Wal-MartStore,Elkin,NC
SuperCenter,Laurinburg,NC
Wal-MartStore,Wilkesboro,NC
SuperCenter,Chiefland,FL
Wal-MartStore,Bradley,IL
SuperCenter,Terre Haute,IN
SuperCenter,Grand Junction,CO
Wal-MartStore,Tucson,AZ
SuperCenter,Salem,VA
SuperCenter,Buford,GA
Wal-MartStore,Sturgeon Bay,WI
SuperCenter,Nogales,AZ
SuperCenter,Grand Island,NE
Wal-MartStore,Winslow,AZ
SuperCenter,Kenner,LA
SuperCenter,Hillsborough,NC
SuperCenter,Davenport,IA
Wal-MartStore,Ferguson,MO
Wal-MartStore,Roanoke,VA
Wal-MartStore,Janesville,WI
SuperCenter,Spring Lake,NC
Wal-MartStore,Columbus,GA
SuperCenter,Decatur,GA
SuperCenter,Walterboro,SC
SuperCenter,Columbus,IN
Wal-MartStore,Sheboygan,WI
SuperCenter,Jacksonville,NC
SuperCenter,Norton,VA
SuperCenter,Georgetown,TX
SuperCenter,Van Wert,OH
SuperCenter,Lexington,VA
Wal-MartStore,Marion,VA
Wal-MartStore,Merrill,WI
SuperCenter,Wilmington,NC
SuperCenter,San Antonio (S),TX
SuperCenter,Knoxville,TN
Wal-MartStore,Knoxville,TN
SuperCenter,Smithfield,NC
Wal-MartStore,South Sioux City,NE
Wal-MartStore,Claypool,AZ
Wal-MartStore,Sunrise,FL
SuperCenter,North Charleston,SC
SuperCenter,Beckley,WV
Wal-MartStore,Littleton,CO
SuperCenter,South Boston,VA
SuperCenter,Harahan,LA
SuperCenter,Morehead City,NC
SuperCenter,Martinsville,IN
SuperCenter,Warner Robins,GA
SuperCenter,West Union,OH
SuperCenter,Greenwood,SC
SuperCenter,Ocean Springs,MS
SuperCenter,Silver City,NM
SuperCenter,Sioux City,IA
SuperCenter,Madison,GA
Wal-MartStore,Hudson,WI
Wal-MartStore,Altamonte Springs,FL
SuperCenter,Goshen (S),IN
SuperCenter,Oskaloosa,IA
SuperCenter,Bedford,VA
SuperCenter,Circleville,OH
Wal-MartStore,Logansport,IN
Wal-MartStore,Wallace,NC
SuperCenter,Washington,NC
SuperCenter,Destin,FL
SuperCenter,Payson,AZ
SuperCenter,Marianna,FL
SuperCenter,Beaufort,SC
SuperCenter,Ashland,KY
SuperCenter,Cheyenne,WY
SuperCenter,Lexington,NC
SuperCenter,Staunton,VA
Wal-MartStore,McHenry,IL
SuperCenter,Las Vegas,NM
SuperCenter,Kendallville,IN
Wal-MartStore,Boone,IA
Wal-MartStore,Greenfield,WI
SuperCenter,West Baraboo,WI
SuperCenter,Lebanon,OH
Wal-MartStore,Mt. Pleasant,MI
SuperCenter,Oshkosh,WI
Wal-MartStore,Oak Hill,WV
Wal-MartStore,Lake Havasu City,AZ
SuperCenter,Bullhead City,AZ
Wal-MartStore,Raleigh,NC
SuperCenter,Duluth,GA
SuperCenter,Hendersonville,TN
SuperCenter,Greenville,NC
SuperCenter,La Junta,CO
SuperCenter,Gastonia,NC
Wal-MartStore,Lake Worth,FL
Wal-MartStore,Cornelia,GA
Wal-MartStore,Lake Zurich,IL
SuperCenter,Winchester,VA
SuperCenter,Green Valley,AZ
SuperCenter,Belen,NM
SuperCenter,Spirit Lake,IA
SuperCenter,Napoleon,OH
SuperCenter,O'Fallon,IL
SuperCenter,Fort Wayne,IN
Wal-MartStore,Streamwood,IL
SuperCenter,Washington,IL
Wal-MartStore,Alma,MI
SuperCenter,Columbia City,IN
SuperCenter,Fremont,OH
SuperCenter,Keokuk,IA
SuperCenter,Celina,OH
SuperCenter,Creston,IA
Wal-MartStore,Beardstown,IL
Wal-MartStore,Charlotte,NC
SuperCenter,Green Bay,WI
SuperCenter,Douglasville,GA
SuperCenter,Kansas City,MO
SuperCenter,Daytona Beach,FL
SuperCenter,Quincy,IL
DistributionCenter,Seymour,IN
SuperCenter,Coral Springs,FL
SuperCenter,Troy,OH
SuperCenter,Laramie,WY
Wal-MartStore,St. Johns,MI
SuperCenter,Cadillac,MI
Wal-MartStore,Guymon,OK
Wal-MartStore,Cincinnati,OH
SuperCenter,Cincinnati,OH
SuperCenter,Centerville,OH
Wal-MartStore,Dayton,OH
SuperCenter,Storm Lake,IA
SuperCenter,Poplar Bluff,MO
Wal-MartStore,Crystal Lake,IL
SuperCenter,Greenville,AL
Wal-MartStore,West Palm Beach,FL
SuperCenter,St. George,UT
SuperCenter,Tooele,UT
Wal-MartStore,Ashland,OH
SuperCenter,Fort Worth,TX
SuperCenter,Hastings,NE
Wal-MartStore,Washington,IA
SuperCenter,Pinellas Park,FL
SuperCenter,Athens,GA
Wal-MartStore,Port Clinton,OH
Wal-MartStore,Ripley,WV
SuperCenter,Riverton,WY
SuperCenter,Chattanooga,TN
Wal-MartStore,Willmar,MN
SuperCenter,Clarksville,IN
SuperCenter,Farmville,VA
Wal-MartStore,Elizabeth City,NC
Wal-MartStore,Bay City,TX
SuperCenter,Cedar City,UT
SuperCenter,Rice Lake,WI
SuperCenter,Manitowoc,WI
SuperCenter,Evanston,WY
SuperCenter,Rock Springs,WY
Wal-MartStore,Xenia,OH
SuperCenter,Charlotte,NC
SuperCenter,Batesville,MS
Wal-MartStore,New London,WI
SuperCenter,Yankton,SD
Wal-MartStore,Vernon Hills,IL
SuperCenter,Rockford,IL
SuperCenter,Indianola,IA
Wal-MartStore,Aurora,CO
Wal-MartStore,Monroeville,AL
SuperCenter,Huber Heights,OH
SuperCenter,Waterloo,IA
SuperCenter,Watertown,SD
Wal-MartStore,Manchester,IA
SuperCenter,Wichita (NE),KS
Wal-MartStore,Maquoketa,IA
Wal-MartStore,Borger,TX
SuperCenter,Jackson,OH
SuperCenter,Gaylord,MI
Wal-MartStore,Lancaster,CA
Wal-MartStore,New Boston,OH
DistributionCenter,Loveland,CO
SuperCenter,Valparaiso,IN
Wal-MartStore,Tampa,FL
Wal-MartStore,Michigan City,IN
Wal-MartStore,Florence,KY
Wal-MartStore,Chandler,AZ
Wal-MartStore,Glendale,AZ
SuperCenter,Roswell,GA
SuperCenter,Asheville,NC
Wal-MartStore,Centralia,IL
SuperCenter,Jacksboro,TN
Wal-MartStore,Jamestown,TN
Wal-MartStore,Matteson,IL
SuperCenter,Pikeville,KY
Wal-MartStore,Miramar,FL
Wal-MartStore,Menomonee Falls,WI
Wal-MartStore,Aberdeen,SD
SuperCenter,York,PA
SuperCenter,Spearfish,SD
Wal-MartStore,Gunnison,CO
Wal-MartStore,Naperville,IL
SuperCenter,Danville,VA
SuperCenter,Summersville,WV
SuperCenter,Homewood,AL
SuperCenter,Roanoke Rapids,NC
SuperCenter,Sheridan,WY
Wal-MartStore,Arnold,MO
SuperCenter,Elkins,WV
SuperCenter,Cedar Rapids,IA
SuperCenter,Sioux Falls,SD
Wal-MartStore,St. Petersburg,FL
SuperCenter,Brookings,SD
SuperCenter,South Haven,MI
Wal-MartStore,Iowa Falls,IA
Wal-MartStore,Las Vegas,NV
Wal-MartStore,Goshen,IN
SuperCenter,Austell,GA
Wal-MartStore,Modesto,CA
Wal-MartStore,Hastings,MN
Wal-MartStore,Coon Rapids,MN
Wal-MartStore,Dickinson,ND
Wal-MartStore,Marysville,OH
Wal-MartStore,Brewton,AL
Wal-MartStore,Eufaula,AL
SuperCenter,Warsaw,IN
SuperCenter,Ft. Oglethorpe,GA
Wal-MartStore,Cincinnati (NW),OH
SuperCenter,Glen Allen,VA
SuperCenter,Mechanicsville,VA
Wal-MartStore,Peoria,AZ
Wal-MartStore,Bismarck,ND
SuperCenter,Mansfield,OH
SuperCenter,Clarksburg,WV
Wal-MartStore,Watseka,IL
SuperCenter,Salisbury,NC
SuperCenter,El Centro,CA
SuperCenter,Fishers,IN
Wal-MartStore,Williston,ND
SuperCenter,Vernal,UT
SuperCenter,Fargo,ND
Wal-MartStore,Bolingbrook,IL
Wal-MartStore,Pontiac,IL
SuperCenter,Yuma,AZ
SuperCenter,Cleveland,MS
Wal-MartStore,Grand Forks,ND
SuperCenter,Eden,NC
SuperCenter,Mukwonago,WI
SuperCenter,Price,UT
SuperCenter,Buffalo,MN
SuperCenter,North Platte,NE
SuperCenter,Coldwater,MI
Wal-MartStore,Chester,SC
Wal-MartStore,Durham,NC
SuperCenter,Page,AZ
Wal-MartStore,Gillette,WY
Wal-MartStore,Palm Harbor,FL
Wal-MartStore,Pompano Beach,FL
Wal-MartStore,Gettysburg,PA
SuperCenter,Lafayette,IN
Wal-MartStore,Franklin,WI
Wal-MartStore,Bloomingdale,IL
SuperCenter,Stockton,CA
SuperCenter,Maysville,KY
SuperCenter,Auburn,IN
Wal-MartStore,Bakersfield,CA
Wal-MartStore,Oroville,CA
Wal-MartStore,Schererville,IN
Wal-MartStore,Oxford,NC
Wal-MartStore,Madera,CA
Wal-MartStore,Victorville,CA
Wal-MartStore,Delray Beach,FL
SuperCenter,Bad Axe,MI
Wal-MartStore,Heath,OH
Wal-MartStore,Ridgecrest,CA
Wal-MartStore,Carmel,IN
Wal-MartStore,Springfield,IL
SuperCenter,Rapid City,SD
Wal-MartStore,Red Bluff,CA
Wal-MartStore,Grand Rapids,MN
Wal-MartStore,Centerville,IA
SuperCenter,Le Mars,IA
SuperCenter,Sandusky,OH
Wal-MartStore,Rochester,IN
SuperCenter,State College,PA
Wal-MartStore,Williamston,NC
SuperCenter,Charlotte,MI
Wal-MartStore,Saukville,WI
Wal-MartStore,East Dundee,IL
SuperCenter,West Palm Beach,FL
Wal-MartStore,Overland Park,KS
SuperCenter,Kinston,NC
Wal-MartStore,Clyde,NC
DistributionCenter,Greencastle,IN
DistributionCenter,Sutherland,VA
Wal-MartStore,Phoenix,AZ
SuperCenter,Henrietta,NY
SuperCenter,The Village,OK
Wal-MartStore,Dilworth,MN
Wal-MartStore,Brazil,IN
SuperCenter,Hampton,VA
Wal-MartStore,Alexandria,MN
Wal-MartStore,Minot,ND
SuperCenter,Omaha,NE
SuperCenter,Decatur,IN
Wal-MartStore,Jamestown,ND
Wal-MartStore,Pulaski,VA
Wal-MartStore,Fergus Falls,MN
Wal-MartStore,St. Cloud,MN
Wal-MartStore,Port Huron,MI
Wal-MartStore,Tiffin,OH
SuperCenter,Thomson,GA
SuperCenter,Muncie,IN
SuperCenter,East Liverpool,OH
SuperCenter,Riverdale,UT
SuperCenter,Apache Junction,AZ
Wal-MartStore,Greensboro,NC
SuperCenter,Lewiston,PA
Wal-MartStore,Greece,NY
Wal-MartStore,Hanford,CA
SuperCenter,Carson City,NV
SuperCenter,Baxter,MN
Wal-MartStore,Faribault,MN
SuperCenter,Brighton,CO
SuperCenter,Statesville,NC
Wal-MartStore,Lebanon,KY
Wal-MartStore,Virginia Beach,VA
Wal-MartStore,Hooksett,NH
SuperCenter,Martinsburg,WV
SuperCenter,Clinton,MS
Wal-MartStore,Irondale,AL
SuperCenter,Findlay,OH
Wal-MartStore,Pittsburg,CA
Wal-MartStore,Little Falls,MN
Wal-MartStore,Waukesha,WI
SuperCenter,Mesa,AZ
Wal-MartStore,Weston,WV
SuperCenter,Palmdale,CA
SuperCenter,Eau Claire,WI
Wal-MartStore,La Vista,NE
Wal-MartStore,Ashland,WI
SuperCenter,Chesapeake,VA
Wal-MartStore,Anderson,IN
SuperCenter,South Point,OH
SuperCenter,Phoenix,AZ
Wal-MartStore,High Point,NC
SuperCenter,Merrillville,IN
SuperCenter,Fond Du Lac,WI
Wal-MartStore,Wyomissing,PA
SuperCenter,Tell City,IN
Wal-MartStore,Delafield,WI
SuperCenter,Onalaska,WI
Wal-MartStore,Connersville,IN
SuperCenter,Turnersville,NJ
SuperCenter,Superior,WI
SuperCenter,Winchester,IN
Wal-MartStore,Orland Hills,IL
Wal-MartStore,Vallejo,CA
SuperCenter,Meadville,PA
Wal-MartStore,Wabash,IN
Wal-MartStore,Gurnee,IL
Wal-MartStore,Shenandoah,IA
SuperCenter,Murray,UT
SuperCenter,Suffolk,VA
Wal-MartStore,Marion,NC
SuperCenter,Layton,UT
Wal-MartStore,Elberton,GA
SuperCenter,Marion,OH
SuperCenter,Prescott,AZ
SuperCenter,Lynchburg,VA
SuperCenter,Mankato,MN
SuperCenter,Hermitage,PA
SuperCenter,Harrisburg,PA
SuperCenter,Tucson,AZ
Wal-MartStore,Susanville,CA
Wal-MartStore,Mount Prospect,IL
Wal-MartStore,Everett,PA
SuperCenter,Aurora,CO
SuperCenter,Decatur,IL
Wal-MartStore,Redlands,CA
Wal-MartStore,Elk Grove,CA
Wal-MartStore,Seneca Falls,NY
SuperCenter,Angola,IN
Wal-MartStore,Canton,IL
Wal-MartStore,Easton,MD
Wal-MartStore,Prince Frederick,MD
Wal-MartStore,Iowa City,IA
SuperCenter,Marshall,MN
SuperCenter,Millersburg,OH
SuperCenter,Harrisonburg,VA
Wal-MartStore,Berlin,WI
SuperCenter,Tappahannock,VA
Wal-MartStore,Denison,IA
SuperCenter,Milford,DE
Wal-MartStore,Webster,NY
Wal-MartStore,Charleston,SC
SuperCenter,Howell,MI
SuperCenter,Casper,WY
Wal-MartStore,Lewisburg,PA
Wal-MartStore,Crawfordsville,IN
SuperCenter,Hagerstown,MD
SuperCenter,Pierre,SD
Wal-MartStore,Fairmont,WV
SuperCenter,Big Rapids,MI
SuperCenter,Snellville,GA
SuperCenter,Des Moines,IA
Wal-MartStore,Trotwood,OH
Wal-MartStore,Geneva,NY
SuperCenter,Champaign,IL
Wal-MartStore,Dover,DE
Wal-MartStore,Harlan,KY
Wal-MartStore,Sanford,NC
SuperCenter,Wilkes-Barre,PA
Wal-MartStore,Yreka,CA
Wal-MartStore,Kendall,FL
Wal-MartStore,Colton,CA
Wal-MartStore,Vacaville,CA
Wal-MartStore,Largo,FL
SuperCenter,Owosso,MI
Wal-MartStore,Wheeling,IL
SuperCenter,Hutchinson,MN
Wal-MartStore,Freeport,IL
SuperCenter,Richmond,IN
SuperCenter,Tempe,AZ
Wal-MartStore,Perris,CA
SuperCenter,Somersworth,NH
SuperCenter,Bay City,MI
Wal-MartStore,Derry,NH
Wal-MartStore,Rohnert Park,CA
SuperCenter,Gloucester,VA
Wal-MartStore,Granite City,IL
Wal-MartStore,Seabrook,NH
DistributionCenter,Brooksville,FL
DistributionCenter,Porterville,CA
DistributionCenter,Grove City,OH
DistributionCenter,Buckeye,AZ
SuperCenter,Hialeah,FL
Wal-MartStore,Devils Lake,ND
Wal-MartStore,Hermantown,MN
SuperCenter,Orem,UT
SuperCenter,Klamath Falls,OR
SuperCenter,Lebanon,OR
Wal-MartStore,Aurora (W),IL
Wal-MartStore,Waldorf,MD
Wal-MartStore,Folsom,CA
SuperCenter,Somerset,PA
SuperCenter,Newport News,VA
SuperCenter,Cody,WY
Wal-MartStore,Manassas,VA
SuperCenter,Shallotte,NC
Wal-MartStore,Evans City,PA
SuperCenter,Sturgis,MI
Wal-MartStore,Bridgeview,IL
SuperCenter,Salem (N),OR
Wal-MartStore,Canandaigua,NY
Wal-MartStore,Fontana,CA
SuperCenter,Bluefield,VA
Wal-MartStore,Reading (E),PA
Wal-MartStore,Cortland,NY
Wal-MartStore,Princeton,IN
Wal-MartStore,Carroll,IA
SuperCenter,Watertown,WI
SuperCenter,Fremont,MI
SuperCenter,Amherst,NH
SuperCenter,Caro,MI
SuperCenter,Norfolk,VA
Wal-MartStore,Knightdale,NC
SuperCenter,Hermiston,OR
Wal-MartStore,Marion,SC
Wal-MartStore,Poway,CA
Wal-MartStore,Villa Park,IL
SuperCenter,Washington,PA
SuperCenter,Vienna,WV
Wal-MartStore,Eagan,MN
Wal-MartStore,Scarborough,ME
SuperCenter,Bloomsburg,PA
Wal-MartStore,Pisgah Forest,NC
SuperCenter,Portage,WI
Wal-MartStore,Gloversville,NY
Wal-MartStore,Berlin,NJ
SuperCenter,Wooster,OH
Wal-MartStore,Village of Newark,NY
Wal-MartStore,Elgin,IL
SuperCenter,Menomonie,WI
Wal-MartStore,Kittanning,PA
SuperCenter,Hanover,PA
Wal-MartStore,Ypsilanti,MI
Wal-MartStore,Visalia,CA
Wal-MartStore,Park City,UT
SuperCenter,Stevens Point,WI
SuperCenter,Fredericksburg,VA
SuperCenter,Grants Pass,OR
Wal-MartStore,Las Vegas (NW),NV
Wal-MartStore,Manteca,CA
Wal-MartStore,Glen Burnie,MD
SuperCenter,Monaca,PA
Wal-MartStore,Peoria,IL
Wal-MartStore,Lodi,CA
SuperCenter,St. Marys,PA
Wal-MartStore,Elyria,OH
SuperCenter,Douglas,AZ
SuperCenter,Winston-Salem,NC
Wal-MartStore,Fairhaven,MA
SuperCenter,New Castle,IN
Wal-MartStore,Monroe,MI
SuperCenter,Woodburn,OR
Wal-MartStore,Steamboat Springs,CO
SuperCenter,Jonesville,MI
Wal-MartStore,Clay,NY
SuperCenter,Vestal,NY
SuperCenter,Chesapeake (E),VA
SuperCenter,Butler,PA
SuperCenter,North Logan,UT
Wal-MartStore,Lagrande,OR
Wal-MartStore,Charlottesville,VA
Wal-MartStore,Rockland,ME
SuperCenter,LaQuinta,CA
Wal-MartStore,Fresno,CA
SuperCenter,Cathedral City,CA
SuperCenter,Greensboro,NC
Wal-MartStore,McMinnville,OR
SuperCenter,Chambersburg,PA
SuperCenter,Hemet,CA
Wal-MartStore,Mentor,OH
Wal-MartStore,Montevideo,MN
Wal-MartStore,Oak Park Heights,MN
Wal-MartStore,Brooklyn Park,MN
Wal-MartStore,Redwood Falls,MN
Wal-MartStore,Westminster,MD
Wal-MartStore,Watertown,NY
Wal-MartStore,Hood River,OR
Wal-MartStore,Porterville,CA
Wal-MartStore,Rexburg,ID
Wal-MartStore,Selma,CA
SuperCenter,Mechanicsburg,PA
Wal-MartStore,Hodgkins,IL
SuperCenter,Burley,ID
SuperCenter,Butte,MT
SuperCenter,Blackfoot,ID
Wal-MartStore,Green Bay (E),WI
SuperCenter,Rhinelander,WI
Wal-MartStore,Sault St Marie,MI
SuperCenter,Humble,TX
Wal-MartStore,Cooper City,FL
Wal-MartStore,Barstow,CA
Wal-MartStore,Medina,OH
SuperCenter,Coshocton,OH
SuperCenter,Auburn,NY
Wal-MartStore,Bangor,ME
SuperCenter,Calexico,CA
SuperCenter,Elkton,MD
Wal-MartStore,Moscow,ID
SuperCenter,Helena,MT
SuperCenter,Coos Bay,OR
Wal-MartStore,N. Highlands,CA
Wal-MartStore,Montoursville,PA
Wal-MartStore,Manchester,CT
Wal-MartStore,Fairlawn,OH
SuperCenter,Idaho Falls,ID
SuperCenter,Yuba City,CA
Wal-MartStore,Crescent City,CA
Wal-MartStore,Newport,OR
SuperCenter,Chester,VA
Wal-MartStore,Du Bois,PA
SuperCenter,Adrian,MI
Wal-MartStore,N. Lauderdale,FL
Wal-MartStore,Woodbridge,VA
Wal-MartStore,Eden Prairie,MN
Wal-MartStore,Rialto,CA
Wal-MartStore,Eastlake,OH
SuperCenter,Auburn,ME
Wal-MartStore,Marlton,NJ
SuperCenter,Englewood,FL
Wal-MartStore,Elk Grove Village,IL
Wal-MartStore,Hinsdale,NH
Wal-MartStore,Niagara Falls,NY
Wal-MartStore,San Bernardino,CA
Wal-MartStore,Yucca Valley,CA
Wal-MartStore,Bellingham,MA
Wal-MartStore,Lincoln,ME
Wal-MartStore,Salem (S),OR
SuperCenter,Presque Isle,ME
Wal-MartStore,Oswego,NY
SuperCenter,Cloquet,MN
Wal-MartStore,Plaistow,NH
SuperCenter,South Hill,VA
Wal-MartStore,Ahoskie,NC
SuperCenter,Geneseo,NY
DistributionCenter,Woodland,PA
DistributionCenter,Menomonie,WI
DistributionCenter,Clarksville,AR
Wal-MartStore,Toms River,NJ
SuperCenter,Farmington,ME
Wal-MartStore,St. Charles,IL
Wal-MartStore,Riverside (E),CA
Wal-MartStore,Akron (S),OH
Wal-MartStore,Bowling Green,OH
SuperCenter,Johnstown,PA
Wal-MartStore,Bedford Park,IL
SuperCenter,E. Greenbush,NY
SuperCenter,Holland,MI
SuperCenter,Wallkill,NY
SuperCenter,Rochester,MN
Wal-MartStore,Corona,CA
Wal-MartStore,Rancho Cucamonga,CA
Wal-MartStore,Flint,MI
SuperCenter,Mansfield,PA
Wal-MartStore,Massena,NY
Wal-MartStore,Fredonia,NY
SuperCenter,Ontario,OR
Wal-MartStore,Louisburg,NC
Wal-MartStore,Brockport,NY
Wal-MartStore,Hudson,NH
SuperCenter,Salisbury,MD
Wal-MartStore,Santee,CA
SuperCenter,Brunswick,ME
SuperCenter,Lincoln (N),NE
SuperCenter,Omak,WA
Wal-MartStore,Fridley,MN
Wal-MartStore,Sanford,ME
SuperCenter,Billings,MT
SuperCenter,Rio Grand City,TX
SuperCenter,Appleton,WI
Wal-MartStore,Leesburg,VA
Wal-MartStore,Naples (N),FL
Wal-MartStore,Alexandria,KY
Wal-MartStore,Turlock,CA
SuperCenter,Westerly,RI
Wal-MartStore,Springfield,MA
Wal-MartStore,Jamestown,NY
Wal-MartStore,Kitty Hawk,NC
Wal-MartStore,Uniontown,PA
Wal-MartStore,Mannahawkin,NJ
Wal-MartStore,Comstock Park,MI
Wal-MartStore,Tampa (S),FL
SuperCenter,Gainesville,TX
SuperCenter,Wilson,NC
Wal-MartStore,Northlake,IL
Wal-MartStore,Hudson,MA
Wal-MartStore,Elmira,NY
SuperCenter,Rocklin,CA
Wal-MartStore,Upland,CA
Wal-MartStore,Lewiston,ID
SuperCenter,Moses Lake,WA
SuperCenter,Niles,MI
SuperCenter,Fishkill,NY
Wal-MartStore,Cranston,RI
Wal-MartStore,Ellsworth,ME
SuperCenter,Kokomo,IN
SuperCenter,Aberdeen,MD
Wal-MartStore,Houlton,ME
SuperCenter,Claremont,NH
Wal-MartStore,Brick,NJ
Wal-MartStore,Ceres,CA
Wal-MartStore,Delaware,OH
SuperCenter,Chubbuck,ID
Wal-MartStore,Colonie,NY
Wal-MartStore,Fresno (SE),CA
Wal-MartStore,Grove City,PA
Wal-MartStore,Abingdon,MD
Wal-MartStore,Oxford,MA
Wal-MartStore,Fairfax (W),VA
SuperCenter,Colville,WA
SuperCenter,South Charleston,WV
Wal-MartStore,MacEdonia,OH
Wal-MartStore,Glen Ellyn,IL
Wal-MartStore,Bowie,MD
Wal-MartStore,N. Adams,MA
SuperCenter,Norwalk,OH
SuperCenter,Waterville,ME
SuperCenter,Houghton Lake,MI
SuperCenter,Raynham,MA
Wal-MartStore,Tracey,CA
Wal-MartStore,Medford,OR
SuperCenter,Altoona,PA
SuperCenter,Raleigh (NE),NC
Wal-MartStore,Lexington (SE),KY
Wal-MartStore,Rensselaer,IN
Wal-MartStore,Fairfield,CA
SuperCenter,Plainwell,MI
Wal-MartStore,Weirton,WV
SuperCenter,Council Bluffs,IA
Wal-MartStore,Livermore,CA
SuperCenter,Plymouth,IN
Wal-MartStore,California,MD
SuperCenter,Lapeer,MI
Wal-MartStore,Lompoc,CA
SuperCenter,Gilroy,CA
Wal-MartStore,North Brunswick,NJ
SuperCenter,Kannapolis,NC
SuperCenter,Lavale,MD
Wal-MartStore,Sonora,CA
Wal-MartStore,Union City,CA
Wal-MartStore,Oxnard,CA
SuperCenter,Greenville,OH
Wal-MartStore,Merced,CA
Wal-MartStore,Pennsville,NJ
SuperCenter,Augusta,ME
Wal-MartStore,Willows,CA
SuperCenter,Greensburg,PA
Wal-MartStore,Boca Raton,FL
SuperCenter,Concord,NH
Wal-MartStore,Fairless Hills,PA
Wal-MartStore,Talent,OR
Wal-MartStore,Clearlake,CA
SuperCenter,Plattsburgh,NY
Wal-MartStore,Hallandale,FL
SuperCenter,Dubuque,IA
SuperCenter,North Windham,CT
SuperCenter,Lebanon,PA
Wal-MartStore,Tunkhannock,PA
Wal-MartStore,Riverside (S),CA
Wal-MartStore,Burlington,NJ
SuperCenter,Palmyra,ME
SuperCenter,Kingman,AZ
Wal-MartStore,Ukiah,CA
Wal-MartStore,Martell,CA
SuperCenter,Wilton,NY
SuperCenter,Benton Harbor,MI
Wal-MartStore,Austintown,OH
SuperCenter,Milford,PA
Wal-MartStore,Morgantown,WV
Wal-MartStore,Farmer's Branch,TX
Wal-MartStore,Midlothian,VA
Wal-MartStore,Bloomington,IN
Wal-MartStore,Sterling Park,VA
Wal-MartStore,Warsaw,NY
Wal-MartStore,Henderson,NV
Wal-MartStore,Rindge,NH
SuperCenter,Bozeman,MT
SuperCenter,Lakewood,CO
SuperCenter,Colonial Height,VA
DistributionCenter,Marcy,NY
DistributionCenter,Red Bluff,CA
DistributionCenter,Temple,TX
Wal-MartStore,Brooklyn,OH
SuperCenter,Ludington,MI
Wal-MartStore,Beavercreek,OH
Wal-MartStore,Chico,CA
SuperCenter,Marietta,OH
SuperCenter,Marquette,MI
SuperCenter,Battle Creek,MI
Wal-MartStore,Clearwater,FL
Wal-MartStore,Hudson,NY
SuperCenter,Kennewick,WA
SuperCenter,Houghton,MI
Wal-MartStore,Plano,TX
Wal-MartStore,Walpole,MA
Wal-MartStore,Austin,TX
Wal-MartStore,Glendora,CA
Wal-MartStore,Aberdeen,WA
Wal-MartStore,Vista,CA
Wal-MartStore,Paramount,CA
Wal-MartStore,Albany,NY
Wal-MartStore,Miami,FL
Wal-MartStore,Wareham,MA
Wal-MartStore,Springdale,OH
SuperCenter,Westheimer,TX
Wal-MartStore,Cerritos,CA
Wal-MartStore,Vadnais Heights,MN
Wal-MartStore,Reno (N),NV
Wal-MartStore,Avon,MA
SuperCenter,Wausau,WI
Wal-MartStore,Bryan,OH
Wal-MartStore,Darien,IL
SuperCenter,Chipley,FL
SuperCenter,Cheboygan,MI
SuperCenter,Newburgh,NY
SuperCenter,New Philadelphia,OH
Wal-MartStore,Portsmouth,NH
SuperCenter,Mt. Vernon,OH
Wal-MartStore,N. Dartmouth,MA
Wal-MartStore,Westfield,MA
SuperCenter,Zanesville,OH
Wal-MartStore,Amherst,NY
SuperCenter,Muskegon,MI
Wal-MartStore,Laurel,MD
Wal-MartStore,Lake Elsinore,CA
Wal-MartStore,Paso Robles,CA
Wal-MartStore,Milpitas,CA
SuperCenter,Baton Rouge (S),LA
Wal-MartStore,Skowhegen,ME
Wal-MartStore,Amsterdam,NY
Wal-MartStore,E.Syracruse,NY
Wal-MartStore,Warren,OH
SuperCenter,Westminster,CO
SuperCenter,Sunnyside,WA
Wal-MartStore,Scottsdale,AZ
SuperCenter,Shelton,WA
SuperCenter,Oxford,ME
Wal-MartStore,Woonsocket,RI
Wal-MartStore,May's Landing,NJ
Wal-MartStore,Lunenburg,MA
Wal-MartStore,Bend,OR
SuperCenter,Columbus (NE),OH
Wal-MartStore,Los Banos,CA
Wal-MartStore,Norwich,NY
Wal-MartStore,Missoula,MT
Wal-MartStore,Gardner,MA
Wal-MartStore,Lehighton,PA
Wal-MartStore,Norwich,CT
SuperCenter,Branson West,MO
Wal-MartStore,Calais,ME
Wal-MartStore,Wenatchee,WA
Wal-MartStore,Groton,CT
SuperCenter,North Windham,ME
Wal-MartStore,Forest Prk,IL
Wal-MartStore,Sayre,PA
Wal-MartStore,Redmond (S),OR
Wal-MartStore,White Marsh,MD
Wal-MartStore,Ogdensburg,NY
Wal-MartStore,Millville,NJ
SuperCenter,Christown,AZ
Wal-MartStore,Charlotte (N),NC
Wal-MartStore,San Diego (S),CA
Wal-MartStore,Middle Island,NY
Wal-MartStore,Bloomington,MN
Wal-MartStore,Abington,MA
Wal-MartStore,Cincinnati (C),OH
SuperCenter,Simpsonville,SC
SuperCenter,Yakima,WA
SuperCenter,Shawano,WI
SuperCenter,Oxford,OH
Wal-MartStore,La Porte,IN
Wal-MartStore,Philadelphia (S),PA
SuperCenter,Texarkana,TX
SuperCenter,Clearfield,PA
SuperCenter,Culpepper,VA
SuperCenter,Rome,NY
SuperCenter,Salem,NH
Wal-MartStore,Whitehall,PA
Wal-MartStore,Seekonk,MA
Wal-MartStore,Selinsgrove,PA
Wal-MartStore,St. Louis (S),MO
Wal-MartStore,Anaheim (W),CA
Wal-MartStore,Oceanside,CA
Wal-MartStore,Bedford,NH
SuperCenter,West Mifflin,PA
DistributionCenter,Ottawa,KS
DistributionCenter,London,KY
SuperCenter,Bristol,VA
SuperCenter,Lehigh Acres,FL
SuperCenter,Hazelton,PA
SuperCenter,Utica,NY
Wal-MartStore,Erie,PA
Wal-MartStore,Glen Burnie (N),MD
Wal-MartStore,Catonsville,MD
SuperCenter,Springville,NY
Wal-MartStore,Midvale,UT
Wal-MartStore,Foothill Ranch,CA
Wal-MartStore,Pittsfield,MA
Wal-MartStore,James Island,SC
Wal-MartStore,Lynn,MA
Wal-MartStore,Princeton,NJ
SuperCenter,Huntington,WV
SuperCenter,Chehalis,WA
SuperCenter,Henderson,NC
SuperCenter,Northport,AL
Wal-MartStore,Dallas,OR
SuperCenter,Indiana,PA
Wal-MartStore,Kalispell,MT
SuperCenter,Sandy,UT
Wal-MartStore,Batavia,NY
Wal-MartStore,Olean,NY
Wal-MartStore,Coventry,RI
Wal-MartStore,Huntington,IN
Wal-MartStore,Streetsboro,OH
SuperCenter,Germantown,TN
SuperCenter,Wauseon,OH
Wal-MartStore,Tilton,NH
SuperCenter,St. Croix Falls,WI
SuperCenter,Lewisburg,WV
SuperCenter,Cobleskill,NY
SuperCenter,Oneonta,NY
Wal-MartStore,Northborough,MA
Wal-MartStore,Pottstown,PA
Wal-MartStore,Strongsville,OH
Wal-MartStore,Cambridge,MD
Wal-MartStore,Forest Lake,MN
Wal-MartStore,Centereach,NY
Wal-MartStore,Putnam,CT
SuperCenter,Glens Falls,NY
SuperCenter,Biddeford,ME
Wal-MartStore,Frederick,MD
Wal-MartStore,West Boylston,MA
Wal-MartStore,Bennington,VT
SuperCenter,Puyallup,WA
SuperCenter,Columbia (E),SC
Wal-MartStore,Lockport,NY
Wal-MartStore,Jupiter,FL
Wal-MartStore,Howell,NJ
Wal-MartStore,Orange,MA
SuperCenter,Ware,MA
Wal-MartStore,Pleasanton,CA
Wal-MartStore,San Diego (C),CA
Wal-MartStore,Alexandria,VA
Wal-MartStore,Laguna Niguel,CA
Wal-MartStore,Cary,NC
SuperCenter,Easton,PA
Wal-MartStore,Clovis,CA
Wal-MartStore,Mountain View,CA
Wal-MartStore,Hornell,NY
SuperCenter,Ashtabula,OH
Wal-MartStore,Atlanta,GA
Wal-MartStore,Auburn,WA
SuperCenter,Brandon (W),FL
Wal-MartStore,Portland,IN
SuperCenter,Elko,NV
Wal-MartStore,Hamburg,NY
SuperCenter,Columbus (SW),OH
Wal-MartStore,Dallas,TX
SuperCenter,Newton,KS
Wal-MartStore,Springfield,OH
Wal-MartStore,Chula Vista (W),CA
SuperCenter,New Castle,PA
SuperCenter,Iron Mountain,MI
Wal-MartStore,Garrisonville,VA
Wal-MartStore,Hamilton,OH
SuperCenter,Reno (S),NV
Wal-MartStore,Port Angeles,WA
Wal-MartStore,Tewksbury,MA
Wal-MartStore,City Of Industry,CA
Wal-MartStore,Hammonton,NJ
Wal-MartStore,Hybla Valley,VA
Wal-MartStore,Pomona,CA
Wal-MartStore,Evergreen,CO
Wal-MartStore,North Olmstead,OH
SuperCenter,Cambridge,MN
SuperCenter,Alpena,MI
Wal-MartStore,San Antonio (C),TX
Wal-MartStore,Duarte,CA
SuperCenter,Clarence,NY
SuperCenter,Wallingford,CT
SuperCenter,Roanoke,VA
Wal-MartStore,Warminster,PA
Wal-MartStore,Port Orchard,WA
SuperCenter,Chillicothe,OH
Wal-MartStore,Eldersburg,MD
DistributionCenter,Raymond,NH
DistributionCenter,Winter Haven,FL
DistributionCenter,New Albany,MS
SuperCenter,Sylva,NC
SuperCenter,Great Falls,MT
Wal-MartStore,Longview,WA
SuperCenter,Moline,IL
SuperCenter,West Lafayette,IN
Wal-MartStore,Columbus (NW),OH
Wal-MartStore,El Cajon,CA
Wal-MartStore,Cottage Grove,OR
SuperCenter,Plymouth,MA
Wal-MartStore,Auburn Hills,MI
Wal-MartStore,North Attleboro,MA
Wal-MartStore,Troy,NY
Wal-MartStore,Hilltown,PA
Wal-MartStore,Shelton,CT
Wal-MartStore,Harleysville,PA
SuperCenter,Waterford,CT
Wal-MartStore,Warwick,RI
Wal-MartStore,Fallon,NV
SuperCenter,Rocky Mount,VA
SuperCenter,Oneida,NY
SuperCenter,Keyser,WV
Wal-MartStore,Bremerton,WA
SuperCenter,Sandpoint,ID
Wal-MartStore,Torrington,CT
Wal-MartStore,Apple Valley,CA
Wal-MartStore,Germantown,MD
Wal-MartStore,Bellingham,WA
SuperCenter,Conyers,GA
Wal-MartStore,Roeland Park,KS
SuperCenter,Danville,IL
SuperCenter,Missouri City,TX
SuperCenter,East Lampeter,PA
Wal-MartStore,St. Clairsville,OH
SuperCenter,Escanaba,MI
SuperCenter,Belle Vernon,PA
Wal-MartStore,Stevenson Ranch,CA
SuperCenter,Pittsburgh,PA
Wal-MartStore,Canton,OH
Wal-MartStore,Roseburg,OR
Wal-MartStore,Mesa (W),AZ
SuperCenter,Pendleton,OR
Wal-MartStore,Kentwood,MI
Wal-MartStore,Chilton,WI
Wal-MartStore,Minocqua,WI
Wal-MartStore,Renton,WA
SuperCenter,Dickson City,PA
Wal-MartStore,Phoenix (N),AZ
Wal-MartStore,Boardman,OH
Wal-MartStore,Williston,VT
Wal-MartStore,Rotterdam,NY
SuperCenter,Richmond,VA
Wal-MartStore,Rochester,NH
Wal-MartStore,Madison (E),WI
Wal-MartStore,Traverse City,MI
SuperCenter,East Stroudsburg,PA
SuperCenter,Petoskey,MI
Wal-MartStore,Cincinnati (W),OH
Wal-MartStore,Salinas,CA
SuperCenter,Seaford,DE
Wal-MartStore,Boone,NC
Wal-MartStore,Kent,OH
SuperCenter,Boise,ID
SuperCenter,American Fork,UT
SuperCenter,Dahlonega,GA
Wal-MartStore,San Jose (S),CA
Wal-MartStore,Rutland,VT
Wal-MartStore,Tulare,CA
Wal-MartStore,Redding,CA
DistributionCenter,Midway,TN
DistributionCenter,Hope Mills,NC
DistributionCenter,Pageland,SC
DistributionCenter,Olney,IL
Wal-MartStore,Clinton,NJ
SuperCenter,Pocomoke City,MD
Wal-MartStore,Ellicott City,MD
SuperCenter,Dothan (S),AL
SuperCenter,Ottawa,OH
Wal-MartStore,North Kingstown,RI
Wal-MartStore,Eugene,OR
SuperCenter,Spokane (E),WA
Wal-MartStore,Woodland,CA
Wal-MartStore,East Windsor,CT
Wal-MartStore,Cromwell,CT
SuperCenter,Virginia Beach,VA
SuperCenter,Beloit,WI
Wal-MartStore,Camillus,NY
Wal-MartStore,Branford,CT
Wal-MartStore,Pine City,MN
SuperCenter,Clewiston,FL
SuperCenter,Goodland,KS
SuperCenter,Paoli,IN
SuperCenter,Madison Heights,VA
Wal-MartStore,Naugatuck,CT
SuperCenter,Shamokin,PA
SuperCenter,Shrewsbury,PA
Wal-MartStore,New Britain,CT
SuperCenter,Clarion,PA
Wal-MartStore,Covina,CA
Wal-MartStore,Phillipsburg,NJ
SuperCenter,Alliance,OH
Wal-MartStore,Portage,IN
Wal-MartStore,Portland (E),OR
SuperCenter,Charles Town,WV
Wal-MartStore,UnionDale,NY
SuperCenter,Cabot,AR
SuperCenter,Logan,WV
Wal-MartStore,Whitinsville,MA
Wal-MartStore,Quincy,MA
Wal-MartStore,Santa Ana,CA
Wal-MartStore,Fredericksburg (E),VA
Wal-MartStore,Brea,CA
SuperCenter,Gulf Breeze,FL
Wal-MartStore,Marinette,WI
Wal-MartStore,Orange,CA
SuperCenter,Avondale,AZ
Wal-MartStore,Grandville,MI
SuperCenter,Waverly,OH
SuperCenter,Chadron,NE
Wal-MartStore,Cheektowaga,NY
SuperCenter,North Las Vegas,NV
SuperCenter,Las Vegas,NV
Wal-MartStore,Mount Vernon,WA
SuperCenter,Winnsboro,SC
Wal-MartStore,Polson,MT
Wal-MartStore,Miles City,MT
SuperCenter,Bucyrus,OH
Wal-MartStore,O'Fallon,MO
Wal-MartStore,Winnemucca,NV
Wal-MartStore,Gilford,NH
DistributionCenter,Hermiston,OR
DistributionCenter,Bedford,PA
Wal-MartStore,Salem,MA
Wal-MartStore,Philadelphia (NE),PA
Wal-MartStore,Gorham,NH
Wal-MartStore,Halifax,MA
Wal-MartStore,Westminster,CA
Wal-MartStore,Panorama City,CA
SuperCenter,Gallipolis,OH
SuperCenter,El Paso (NE),TX
SuperCenter,Honesdale,PA
Wal-MartStore,Oceanside (W),CA
SuperCenter,Durango,CO
Wal-MartStore,Mohegan,NY
SuperCenter,Blackstone,VA
SuperCenter,Portales,NM
SuperCenter,Ticonderoga,NY
Wal-MartStore,Quakertown,PA
Wal-MartStore,Pittston,PA
SuperCenter,Nitro,WV
SuperCenter,Pembroke Pines,FL
Wal-MartStore,Sacramento(NW),CA
SuperCenter,Live Oak,FL
Wal-MartStore,Falmouth,ME
SuperCenter,Valdosta (N),GA
SuperCenter,Jesup,GA
SuperCenter,Pearisburg,VA
SuperCenter,Covington,VA
SuperCenter,Greer,SC
Wal-MartStore,North Reading,MA
SuperCenter,Lock Haven,PA
SuperCenter,Vancouver (E),WA
Wal-MartStore,Bakersfield (NW),CA
Wal-MartStore,Warren,MI
SuperCenter,Ashland (S),KY
SuperCenter,West Bend,WI
SuperCenter,Lamar,CO
Wal-MartStore,Littleton,NH
Wal-MartStore,Tucker,GA
Wal-MartStore,Piscataway,NJ
Wal-MartStore,Manville,NJ
SuperCenter,Dallas (E),TX
SuperCenter,Racine,WI
SuperCenter,Madison,AL
Wal-MartStore,Lebanon,NH
Wal-MartStore,Danvers,MA
Wal-MartStore,Oak Harbor,WA
Wal-MartStore,Cleveland Heights,OH
SuperCenter,Kingston,NY
Wal-MartStore,Arroyo Grande,CA
Wal-MartStore,Sterling Heights,MI
Wal-MartStore,Erie (W),PA
Wal-MartStore,Hunt Valley,MD
SuperCenter,Clinton,NC
SuperCenter,North Versailles,PA
Wal-MartStore,Commerce,MI
SuperCenter,Midland,MI
Wal-MartStore,Hastings,MI
SuperCenter,Lexington (SW),KY
Wal-MartStore,Livonia,MI
Wal-MartStore,Apple Valley,MN
Wal-MartStore,Saginaw,MI
SuperCenter,Woodstock,VA
SuperCenter,Tompkinsville,KY
SuperCenter,Espanola,NM
SuperCenter,Ebensburg,PA
Wal-MartStore,Berlin,VT
SuperCenter,New Martinsville,WV
SuperCenter,Moorefield,WV
SuperCenter,Nixa,MO
SuperCenter,Florence (S),SC
SuperCenter,Franklin,VA
DistributionCenter,Opelousas,LA
DistributionCenter,Los Lunas,NM
Wal-MartStore,Ledgewood,NJ
Wal-MartStore,San Leandro,CA
SuperCenter,Grants,NM
Wal-MartStore,Columbus,OH
SuperCenter,Mishawaka,IN
SuperCenter,Elkhart,IN
SuperCenter,South Bend,IN
SuperCenter,Randleman,NC
Wal-MartStore,Windsor,CA
Wal-MartStore,Federal Way,WA
Wal-MartStore,Santa Maria,CA
SuperCenter,Town of Thompson,NY
Wal-MartStore,New Castle,DE
Wal-MartStore,Simi Valley,CA
Wal-MartStore,Dundalk,MD
Wal-MartStore,Berlin,MD
SuperCenter,Diberville,MS
SuperCenter,Petersburg,VA
SuperCenter,Ephrata,PA
SuperCenter,Cranberry,PA
SuperCenter,Perry,GA
Wal-MartStore,White Lake,MI
SuperCenter,Spencer,IA
SuperCenter,Bay Minette,AL
SuperCenter,Radford,VA
Wal-MartStore,Warrenton,VA
Wal-MartStore,San Clemente,CA
SuperCenter,Sumiton,AL
SuperCenter,Brandon (Flowood),MS
SuperCenter,Jackson,AL
SuperCenter,Wayne,WV
Wal-MartStore,Sturbridge,MA
Wal-MartStore,Franklin,NJ
SuperCenter,Herkimer,NY
SuperCenter,Reading,PA
SuperCenter,Greenville,PA
SuperCenter,Boiling Springs,SC
Wal-MartStore,North Conway,NH
Wal-MartStore,Lynnwood,WA
Wal-MartStore,Chesterfield,MO
SuperCenter,Mt. Pleasant,PA
SuperCenter,Florida City,FL
SuperCenter,Commerce City,CO
SuperCenter,Waynesboro,GA
SuperCenter,Mount Pocono,PA
Wal-MartStore,St. Helens,OR
Wal-MartStore,Hackettstown,NJ
Wal-MartStore,Porter Ranch,CA
SuperCenter,Luray,VA
Wal-MartStore,Gibsonia,PA
Wal-MartStore,Newton,NJ
Wal-MartStore,University West,FL
Wal-MartStore,Hadley,MA
Wal-MartStore,Antioch,CA
SuperCenter,Columbus,OH
SuperCenter,Tarboro,NC
SuperCenter,Villa Rica,GA
SuperCenter,Spruce Pine,NC
SuperCenter,Scottsdale,AZ
SuperCenter,Southport,NC
SuperCenter,Lexington,KY
SuperCenter,Beatrice,NE
SuperCenter,Brownsburg,IN
SuperCenter,Kernersville,NC
SuperCenter,Emporia,VA
SuperCenter,Spencer,WV
SuperCenter,Bluffton,IN
SuperCenter,Worthington,MN
SuperCenter,Parkersburg,WV
SuperCenter,Grafton,WV
SuperCenter,Mason,WV
SuperCenter,Oak Grove,MO
SuperCenter,Pooler,GA
Wal-MartStore,Newport,RI
DistributionCenter,Tomah,WI
DistributionCenter,LaGrange,GA
DistributionCenter,Pauls Valley,OK
Wal-MartStore,Akron,OH
Wal-MartStore,San Diego,CA
Wal-MartStore,Lakewood,CA
SuperCenter,Altoona,IA
SuperCenter,Monticello,IN
SuperCenter,Walker,LA
DistributionCenter,Johnstown,NY
DistributionCenter,Opelika,AL
DistributionCenter,Corinne,UT
SuperCenter,Marshfield,WI
Wal-MartStore,Niles,IL
SuperCenter,Olive Branch,MS
Wal-MartStore,Spokane,WA
Wal-MartStore,Southington,CT
DistributionCenter,Monroe,GA
DistributionCenter,Terrell,TX
Wal-MartStore,Kirkwood,MO
SuperCenter,Trussville,AL
SuperCenter,Clayton,GA
SuperCenter,Surprise,AZ
SuperCenter,Edmond,OK
SuperCenter,Chesterfield,VA
Wal-MartStore,Rolling Meadows,IL
SuperCenter,Hardeeville,SC
SuperCenter,Clinton,IA
Wal-MartStore,Chelmsford,MA
SuperCenter,Claypool Hill,VA
Wal-MartStore,Hammond,IN
SuperCenter,Summerfield,FL
SuperCenter,South Williamson,KY
SuperCenter,Siler City,NC
SuperCenter,Independence,KS
Wal-MartStore,Rockyhill,CT
Wal-MartStore,Brockton,MA
SuperCenter,Massillon,OH
SuperCenter,Fruitland,MD
SuperCenter,Caldwell,ID
SuperCenter,Nampa,ID
SuperCenter,Mountain Home,ID
SuperCenter,Georgetown,DE
SuperCenter,Ephraim,UT
SuperCenter,Buckhannon,WV
SuperCenter,Jerome,ID
Wal-MartStore,Hampstead,MD
SuperCenter,Parker,CO
SuperCenter,Princeton,WV
SuperCenter,Knoxville,IA
Wal-MartStore,Englewood,CO
SuperCenter,Hialeah Gardens,FL
SuperCenter,Biscoe,NC
SuperCenter,Monroe,NY
SuperCenter,Tampa,FL
Wal-MartStore,Derby,CT
SuperCenter,Goose Creek,SC
SuperCenter,LaFayette,GA
Wal-MartStore,Clinton,MD
Wal-MartStore,Lumberton,NJ
SuperCenter,Shawnee,KS
SuperCenter,Plano (C),TX
SuperCenter,Paris,IL
Wal-MartStore,Norwalk,CT
SuperCenter,Coralville,IA
Wal-MartStore,Newington,NH
SuperCenter,College Place,WA
Wal-MartStore,Bristol,CT
SuperCenter,Coolidge,AZ
SuperCenter,Boynton Beach (E),FL
Wal-MartStore,Lansing,IL
Wal-MartStore,Milwaukee (S),WI
Wal-MartStore,Eddystone,PA
SuperCenter,Henderson (N),NV
SuperCenter,Bellevue,NE
Wal-MartStore,La Plata,MD
Wal-MartStore,Lansing (W),MI
Wal-MartStore,Van Buren Township,MI
Wal-MartStore,Troy,MI
SuperCenter,Maple Grove,MN
Wal-MartStore,Avon,CT
Wal-MartStore,Northampton,MA
Wal-MartStore,Airmont,NY
Wal-MartStore,Riverhead,NY
Wal-MartStore,Taylor,MI
SuperCenter,Boutte,LA
Wal-MartStore,Napa,CA
SuperCenter,Wood Village,OR
SuperCenter,Richland,MS
Wal-MartStore,Murieta,CA
SuperCenter,Carrollton,KY
Wal-MartStore,Weymouth,MA
SuperCenter,Elk River,MN
SuperCenter,The Woodlands (N),TX
SuperCenter,Suffolk (N),VA
SuperCenter,Vernon,TX
Wal-MartStore,Boothwyn,PA
DistributionCenter,Robert,LA
SuperCenter,Kansas City (NW),MO
SuperCenter,Meridian,ID
SuperCenter,Oakland,MD
SuperCenter,Ogden,UT
SuperCenter,Hope Mills,NC
SuperCenter,Hibbing,MN
SuperCenter,Detroit Lakes,MN
SuperCenter,Fort Worth (S),TX
SuperCenter,Sugar Land,TX
SuperCenter,Garland (SE),TX
DistributionCenter,Coldwater,MI
DistributionCenter,Spring Valley,IL
DistributionCenter,St. James,MO
DistributionCenter,Sanger,TX
DistributionCenter,Shelbyville,TN
Wal-MartStore,Manchester,NH
Wal-MartStore,Milwaukee,WI
Wal-MartStore,Corona (S),CA
SuperCenter,Palmyra,PA
Wal-MartStore,Vancouver,WA
SuperCenter,Mitchell,SD
SuperCenter,St. Joseph (S),MO
SuperCenter,Dallas (NW),TX
SuperCenter,McDonough,GA
SuperCenter,Lithia Springs,GA
SuperCenter,Rowlett,TX
SuperCenter,Houston (Katy Mills),TX
SuperCenter,Bryant,AR
Wal-MartStore,Rancho Cordova,CA
SuperCenter,Saint Clair,PA
SuperCenter,Marysville,WA
SuperCenter,Orange Park,FL
SuperCenter,Springville,UT
SuperCenter,Omaha (W),NE
DistributionCenter,Auburn,IN
DistributionCenter,Harrisonville,MO
Wal-MartStore,Mount Airy,MD
SuperCenter,Appleton (E),WI
SuperCenter,Virginia Beach (SE),VA
SuperCenter,Othello,WA
SuperCenter,Calera,AL
SuperCenter,Allentown,PA
SuperCenter,Halfmoon,NY
SuperCenter,Kissimmee (E),FL
Wal-MartStore,Roseville,MI
SuperCenter,Washington,OH
SuperCenter,Antigo,WI
SuperCenter,Savoy,IL
SuperCenter,Lisbon,CT
SuperCenter,Gates,NY
Wal-MartStore,Old Saybrook,CT
SuperCenter,Edinboro,PA
SuperCenter,Missoula (2),MT
SuperCenter,Ephrata,WA
SuperCenter,Wichita (NW),KS
Wal-MartStore,Old Bridge,NJ
Wal-MartStore,Newington,CT
SuperCenter,Corning,NY
SuperCenter,Wytheville,VA
SuperCenter,Reno (Spring Valley),NV
Wal-MartStore,Union,NJ
SuperCenter,Houston (WNW),TX
Wal-MartStore,West Norriton,PA
Wal-MartStore,Rehoboth,DE
SuperCenter,Fort Collins (N),CO
Wal-MartStore,Sacramento,CA
SuperCenter,Oldsmar,FL
Wal-MartStore,Swansea,MA
SuperCenter,Coral Springs (W),FL
SuperCenter,Cedar Park,TX
SuperCenter,Springfield (NE),IL
SuperCenter,Richland,WA
SuperCenter,Cambridge,OH
SuperCenter,Logan,OH
SuperCenter,Hickory Creek,TX
SuperCenter,West Jefferson,NC
Wal-MartStore,Linden,NJ
Wal-MartStore,Methuen,MA
DistributionCenter,Macclenny,FL
Wal-MartStore,Fenton,MI
Wal-MartStore,Warwick (W),RI
Wal-MartStore,East Meadow,NY
Wal-MartStore,Milwaukee (N),WI
SuperCenter,Alpharetta,GA
Wal-MartStore,Palmdale (E),CA
Wal-MartStore,Lancaster (E),CA
Wal-MartStore,Fresno (N),CA
Wal-MartStore,Spanaway,WA
SuperCenter,St. George (S),UT
SuperCenter,West Jordan,UT
Wal-MartStore,Springfield,OR
Wal-MartStore,Mount Olive (Newark),NJ
SuperCenter,Houston (Andrau),TX
SuperCenter,Post Falls,ID
Wal-MartStore,Martinez,CA
Wal-MartStore,Huntington Beach,CA
SuperCenter,Bemidji,MN
SuperCenter,Rogersville,TN
SuperCenter,Hayward,WI
SuperCenter,Evans,GA
DistributionCenter,Tobyhanna,PA
DistributionCenter,Shelby,NC
SuperCenter,Kemah,TX
Wal-MartStore,Spokane (N),WA
Wal-MartStore,Mount Clemens,MI
Wal-MartStore,Frederick (N),MD
SuperCenter,Fuquay-Varina,NC
SuperCenter,Baton Rouge (Central),LA
SuperCenter,Acworth,GA
SuperCenter,Las Vegas (W.Central),NV
SuperCenter,Clarksville (S),TN
Wal-MartStore,Blaine,MN
Wal-MartStore,Hamilton (E),OH
SuperCenter,Bradford,PA
DistributionCenter,Cleburne,TX
Wal-MartStore,Stratford,CT
SuperCenter,Glenville,NY
SuperCenter,Corry,PA
SuperCenter,Pensacola (SW),FL
SuperCenter,Wichita (E),KS
Wal-MartStore,Port Covington,MD
DistributionCenter,Henderson,NC
DistributionCenter,Moberly,MO
DistributionCenter,Washington Court House,OH
SuperCenter,Albuquerque (W),NM
SuperCenter,Parkesburg,PA
Wal-MartStore,La Habra,CA
SuperCenter,Eugene (W),OR
SuperCenter,Brigham City,UT
SuperCenter,Suwanee,GA
Wal-MartStore,Chino,CA
SuperCenter,Plano (Coit/190),TX
SuperCenter,Lake Delton (Wis Dells),WI
Wal-MartStore,Fall River (S),MA
Wal-MartStore,Bethlehem,PA
Wal-MartStore,Horsham,PA
Wal-MartStore,Owings Mills,MD
SuperCenter,Punxsutawney,PA
SuperCenter,New Albany,IN
Wal-MartStore,Framingham,MA
SuperCenter,Mexico,ME
SuperCenter,Lebanon,VA
Wal-MartStore,Arundel Mills,MD
Wal-MartStore,Keene,NH
Wal-MartStore,Saddle Brook,NJ
SuperCenter,Denver (SE),CO
SuperCenter,Chippewa,PA
SuperCenter,Tabb,VA
SuperCenter,Louisville (SE),KY
Wal-MartStore,Golden Ring,MD
SuperCenter,Thomasville,NC
SuperCenter,Laredo (SE),TX
SuperCenter,Wiggins,MS
Wal-MartStore,Hamden,CT
Wal-MartStore,Norristown,PA
Wal-MartStore,Exton,PA
SuperCenter,Steubenville,OH
SuperCenter,Carlisle,PA
SuperCenter,Garden City,ID
SuperCenter,Central Square,NY
SuperCenter,Pompano Beach (W),FL
SuperCenter,Lima,OH
SuperCenter,N.Richland Hills(N),TX
SuperCenter,Irondequoit,NY
SuperCenter,Brandon (E),FL
SuperCenter,Athens,OH
Wal-MartStore,Milwaukee (C),WI
SuperCenter,Plymouth,WI
SuperCenter,Denver (N),CO
Wal-MartStore,Falmouth,MA
SuperCenter,New Hartford,NY
Wal-MartStore,Pico Rivera,CA
Wal-MartStore,Santa Fe Springs,CA
SuperCenter,Kansas City (S),MO
SuperCenter,San Antonio (SE),TX
SuperCenter,Cedar Hill,TX
SuperCenter,Bloomington,IL
SuperCenter,Houma (E),LA
SuperCenter,Houston (Wallisvl),TX
SuperCenter,Pearland (E),TX
SuperCenter,Viera,FL
Wal-MartStore,Waterbury(Reidville),CT
SuperCenter,Sioux Falls (E),SD
SuperCenter,Peachtree City,GA
Wal-MartStore,Canton,MI
SuperCenter,Hillsboro,OH
Wal-MartStore,Lacey,WA
Wal-MartStore,Guilford,CT
SuperCenter,West Valley City,UT
Wal-MartStore,Bonney Lake,WA
SuperCenter,Plymouth,NH
Wal-MartStore,Long Beach,CA
Wal-MartStore,Long Beach (N),CA
Wal-MartStore,Shelby Twp,MI
SuperCenter,Brooksville (E),FL
Wal-MartStore,Danbury,CT
Wal-MartStore,New Milford,CT
Wal-MartStore,Placerville,CA
Wal-MartStore,Cinnaminson,NJ
Wal-MartStore,South Setauket,NY
Wal-MartStore,Islandia,NY
Wal-MartStore,Los Angeles(Baldwin),CA
SuperCenter,Williamsburg,VA
SuperCenter,Glendale,AZ
SuperCenter,Delavan,WI
Wal-MartStore,Bainbridge,OH
SuperCenter,Broken Arrow(SE),OK
SuperCenter,Newark,OH
SuperCenter,Los Lunas,NM
Wal-MartStore,Cedar Knolls,NJ
SuperCenter,Fort Morgan,CO
DistributionCenter,Gordonsville,VA
DistributionCenter,New Caney,TX
DistributionCenter,Casa Grande,AZ
DistributionCenter,Hopkinsville,KY
DistributionCenter,North Platte,NE
DistributionCenter,Wintersville,OH
SuperCenter,Red Wing,MN
Wal-MartStore,Hamilton,NJ
SuperCenter,Salem,OH
SuperCenter,Watkins Glen,NY
SuperCenter,Greenwood,AR
SuperCenter,Lincoln,NE
SuperCenter,Shakopee,MN
SuperCenter,Lawrence,IN
Wal-MartStore,Middletown,OH
Wal-MartStore,Oregon,OH
SuperCenter,Marana,AZ
SuperCenter,Camden,DE
Wal-MartStore,Kalamazoo,MI
Wal-MartStore,Buena Park,CA
SuperCenter,Pahrump,NV
Wal-MartStore,Massapequa,NY
SuperCenter,Ashland,VA
SuperCenter,Fort Myers,FL
SuperCenter,brewer,ME
SuperCenter,Pass Christian,MS
SuperCenter,Hurst,TX
Wal-MartStore,Philadelphia,PA
SuperCenter,Madison,MS
Wal-MartStore,Lansing (E),MI
SuperCenter,Clayton,NC
SuperCenter,Pell City,AL
Wal-MartStore,Bristol,PA
SuperCenter,Peoria,IL
Wal-MartStore,Roseville,CA
Wal-MartStore,National City,CA
Wal-MartStore,Milford,MI
SuperCenter,De Pere,WI
SuperCenter,Kettering,OH
SuperCenter,Deer Park,TX
SuperCenter,Centre,AL
SuperCenter,Marysville,CA
SuperCenter,Dallas,TX
SuperCenter,Deming,NM
Wal-MartStore,Lancaster,PA
SuperCenter,Delmont,PA
SuperCenter,Overland Park,KS
Wal-MartStore,Carroll Island,MD
Wal-MartStore,Kennett Square,PA
Wal-MartStore,Avon,OH
SuperCenter,Saginaw,MI
DistributionCenter,Brundridge,AL
Wal-MartStore,Temecula,CA
Wal-MartStore,Toledo,OH
SuperCenter,Mulberry,FL
SuperCenter,Yulee,FL
Wal-MartStore,Algonquin,IL
SuperCenter,Raleigh,NC
SuperCenter,La Crosse,WI
SuperCenter,Dixon,CA
Wal-MartStore,Burke,VA
SuperCenter,Rifle,CO
Wal-MartStore,Valley Stream,NY
Wal-MartStore,Pittsburg,PA
SuperCenter,Latrobe,PA
SuperCenter,Avon,IN
SuperCenter,Reno,NV
SuperCenter,Harborcreek,PA
SuperCenter,Pine Bluff,AR
SuperCenter,Burlington,WI
SuperCenter,St. Lucie,FL
SuperCenter,Epping,NH
SuperCenter,Glenmont,NY
SuperCenter,Littleton,CO
SuperCenter,North Myrtle Beach,SC
SuperCenter,Waynesboro,VA
SuperCenter,West Branch,MI
SuperCenter,Alamo,TX
SuperCenter,Payson,UT
SuperCenter,Richfield,UT
SuperCenter,Sidney,NE
SuperCenter,London,OH
SuperCenter,Clinton,UT
SuperCenter,Wharton,TX
SuperCenter,Blairsville,PA
Wal-MartStore,San Marcos,CA
Wal-MartStore,Whitehouse Station,NJ
Wal-MartStore,Parma,OH
Wal-MartStore,Mayfield Heights,OH
Wal-MartStore,Inver Grove Heights,MN
Wal-MartStore,Watchung,NJ
Wal-MartStore,Monmouth,NJ
Wal-MartStore,West Hills,CA
Wal-MartStore,Norwalk,CA
Wal-MartStore,Baltimore/DC,MD
Wal-MartStore,Wyncote,PA
DistributionCenter,Grandview,WA
DistributionCenter,Smyrna,DE
DistributionCenter,Fort Pierce,FL
DistributionCenter,Ochelata,OK
DistributionCenter,Apple Valley,CA
SuperCenter,Neenah,WI
Wal-MartStore,Dumfries,VA
SuperCenter,Perry,FL
SuperCenter,Canal Winchester,OH
SuperCenter,Loganville,GA
SuperCenter,The Woodlands,TX
SuperCenter,Seagoville,TX
SuperCenter,Forth Worth,TX
Wal-MartStore,Chula Vista,CA
Wal-MartStore,Baldwin Park,CA
SuperCenter,Houston (Rosehill),TX
Wal-MartStore,La Mesa,CA
Wal-MartStore,Kearney Mesa,CA
Wal-MartStore,St. Paul (Midway),MN
SuperCenter,Gulf Shores,AL
Wal-MartStore,Boonton,NJ
SuperCenter,Jackson  (W),MI
Wal-MartStore,Sacramento (Camino),CA
SuperCenter,West Valley City (S),UT
SuperCenter,Wake Forest,NC
SuperCenter,Margate,FL
SuperCenter,Midvale (N),UT
SuperCenter,Waco (Woodway),TX
Wal-MartStore,New Berlin,WI
Wal-MartStore,New Haven,CT
SuperCenter,Little Rock (NW),AR
SuperCenter,Poinciana Place,FL
Wal-MartStore,Lansing (N),MI
SuperCenter,Clemson,SC
SuperCenter,Salt Lake City (C),UT
SuperCenter,Belvidere,IL
SuperCenter,New Orleans (HRI),LA
Wal-MartStore,Plainfield,IL
SuperCenter,Wylie,TX
SuperCenter,Lindon,UT
Wal-MartStore,Palatine,IL
SuperCenter,Raleigh (E),NC
SuperCenter,West Palm Beach (AP),FL
SuperCenter,Ft. Worth (121),TX
SuperCenter,Broomfield (FlIrons),CO
SuperCenter,Omaha      (Avaya),NE
Wal-MartStore,Bethel Park,PA
Wal-MartStore,San Jose (Central),CA
Wal-MartStore,Joliet (N),IL
SuperCenter,Fort Wright,KY
SuperCenter,Charlotte (Matthews),NC
SuperCenter,Barboursville,WV
SuperCenter,Erie (C),PA
SuperCenter,Delta,CO
Wal-MartStore,El Cajon (C),CA
SuperCenter,Naples (SE),FL
SuperCenter,Ocala (SW),FL
SuperCenter,Wadsworth,OH
SuperCenter,Morgantown,PA
Wal-MartStore,Secaucus,NJ
Wal-MartStore,Carnegie,PA
Wal-MartStore,Philadelphia (Bu),PA
SuperCenter,Aurora (SE),CO
Wal-MartStore,Maplewood,MO
SuperCenter,Morton,IL
SuperCenter,Antioch,IL
Wal-MartStore,Sequim,WA
Wal-MartStore,Chicopee,MA
Wal-MartStore,Woodbridge,NJ
SuperCenter,Canton(NE),OH
SuperCenter,Orlando (27 & 192),FL
SuperCenter,Saginaw,TX
SuperCenter,Phoenix (Tolleson),AZ
SuperCenter,Shippensburg,PA
SuperCenter,Winona,MN
SuperCenter,Hot Springs Village,AR
SuperCenter,Grove City,OH
SuperCenter,Yuma (W),AZ
Wal-MartStore,Hanover,MA
SuperCenter,Centennial (Lima),CO
Wal-MartStore,West St. Paul,MN
SuperCenter,Sweetwater,TX
SuperCenter,Hereford,TX
Wal-MartStore,Nassau,NY
SuperCenter,Galena,IL
Wal-MartStore,Covington,WA
Wal-MartStore,Hartford,CT
Wal-MartStore,Santa Clarita (W),CA
SuperCenter,Gilbert (E),AZ
SuperCenter,Phoenix (Happy Vall),AZ
SuperCenter,Memphis(Elvis/Holmes,TN
SuperCenter,Hampton Cove,AL
SuperCenter,St. Petersburg,FL
Wal-MartStore,Ithaca,NY
SuperCenter,Jane,MO
SuperCenter,Woodstock (W),GA
Wal-MartStore,Portage,MI
SuperCenter,Prescott (W),AZ
Wal-MartStore,Cherry Hill,NJ
SuperCenter,Lovejoy (Shilandra),GA
SuperCenter,Chippewa Falls,WI
SuperCenter,Baxley,GA
SuperCenter,Louisville(Bashford),KY
SuperCenter,Hernando,MS
SuperCenter,Bainbridge,GA
SuperCenter,Portland,TX
SuperCenter,Charlotte (Brkshire),NC
SuperCenter,Socorro,NM
SuperCenter,Brownsville (NE),TX
SuperCenter,Idaho Falls (W),ID
DistributionCenter,Arcadia,FL
DistributionCenter,Sealy,TX
DistributionCenter,Grantsville,UT
SuperCenter,Schertz,TX
Wal-MartStore,St. Anthony,MN
SuperCenter,Roanoke,TX
SuperCenter,Spotsylvania,VA
SuperCenter,Eaton,OH
SuperCenter,Englewood,OH
SuperCenter,Round Rock (NE),TX
SuperCenter,Wapakoneta,OH
SuperCenter,Harker Heights,TX
SuperCenter,Palmhurst,TX
SuperCenter,Atlantic,IA
SuperCenter,Phoenix (Bethany),AZ
SuperCenter,Rockford (W),IL
SuperCenter,Canton (C),OH
Wal-MartStore,Clackamas,OR
Wal-MartStore,East Windsor,NJ
Wal-MartStore,Towson,MD
Wal-MartStore,Glenolden,PA
SuperCenter,Greenville,MI
SuperCenter,Forney,TX
SuperCenter,Rogers (S),AR
SuperCenter,Kenton,OH
SuperCenter,Salem (C),OR
SuperCenter,Tawas City,MI
SuperCenter,Middlefield,OH
SuperCenter,Dixon,IL
SuperCenter,Kissimmee (W Poinci),FL
SuperCenter,Albuquerque (S),NM
Wal-MartStore,Addison,IL
SuperCenter,Indianapolis(Emrsn),IN
DistributionCenter,Lewiston,ME
Wal-MartStore,Los Angeles (So Bay),CA
Wal-MartStore,Rockaway,NJ
SuperCenter,Anthem,AZ
SuperCenter,Ionia,MI
Wal-MartStore,Pewaukee,WI
SuperCenter,Monticello,MN
SuperCenter,Cicero,NY
SuperCenter,Titusville,PA
SuperCenter,Connellsville,PA
SuperCenter,Louisville (Newcut),KY
SuperCenter,Mesa (Greenfield),AZ
Wal-MartStore,North East,MD
SuperCenter,Chandler (S),AZ
Wal-MartStore,Fremont,CA
SuperCenter,Hudson Oaks,TX
SuperCenter,Sandusky,MI
SuperCenter,Prairieville,LA
SuperCenter,Naples (I-75),FL
Wal-MartStore,Dinuba,CA
SuperCenter,Palm Bay,FL
Wal-MartStore,Oakland (S),CA
SuperCenter,Eatonton,GA
Wal-MartStore,Woodbury,MN
SuperCenter,North Miami Beach,FL
SuperCenter,Artesia,NM
SuperCenter,Omaha (NW),NE
Wal-MartStore,Glenwood,IL
SuperCenter,Reidsville,NC
SuperCenter,Oak Grove,KY
SuperCenter,Charlotte (W),NC
SuperCenter,Amarillo (SC),TX
SuperCenter,Carson City (N),NV
SuperCenter,Midland (S),TX
SuperCenter,Lindale,TX
SuperCenter,Kimball,WV
Wal-MartStore,Audubon,NJ
SuperCenter,Boyertown,PA
SuperCenter,Osprey,FL
Wal-MartStore,Chula Vista (S),CA
SuperCenter,Greensboro (SE),NC
Wal-MartStore,Batavia,IL
SuperCenter,Marietta (Trade Ctr),GA
SuperCenter,Arlington (N),TX
SuperCenter,New Richmond,WI
SuperCenter,Pembroke,NC
Wal-MartStore,Woodhaven,MI
SuperCenter,Winter Haven,FL
SuperCenter,Pasco,WA
SuperCenter,Marion,IA
SuperCenter,Sparks,NV
SuperCenter,Lake Saint Louis,MO
SuperCenter,Mebane,NC
SuperCenter,Travelers Rest,SC
SuperCenter,Lowville,NY
SuperCenter,Springville,AL
Wal-MartStore,Bensalem,PA
SuperCenter,Azle,TX
SuperCenter,Clermont,FL
SuperCenter,Amelia,OH
SuperCenter,Dallas,GA
SuperCenter,Santa Clarita,CA
SuperCenter,Grand Blanc,MI
SuperCenter,Vermillion,SD
SuperCenter,Piqua,OH
SuperCenter,Poulsbo,WA
SuperCenter,Urbana,IL
SuperCenter,Vancouver,WA
Wal-MartStore,Evergreen Park,IL
SuperCenter,Moundsville,WV
SuperCenter,Mayodan,NC
SuperCenter,Madison,OH
SuperCenter,Tarentum,PA
Wal-MartStore,Moreno Valley,CA
SuperCenter,Longmont,CO
Wal-MartStore,Wilmington,DE
SuperCenter,Huntingdon,PA
SuperCenter,Evans Mills,NY
DistributionCenter,Mt. Crawford,VA
DistributionCenter,McCarran,NV
Wegmans,State College,PA
Wegmans,Collegeville,PA
Wegmans,RoyersFord,PA
Wegmans,Philadelphia,PA
Wegmans,Pittsburgh,PA
Wawa,Collegeville,PA
Wawa,RoyersFord,PA
Giant,Pottstown,PA
Target,State College,PA
Trader Joe,State College,PA
